example_id,source_id,quantity,value,units,evidence_status,method,caveat,sheet_page
D01,S01,approx_max_internal_width,6.9,m,documented,Transcribed source value,Approximate published schedule; not external footprint or statistical range.,PDF p23
D01,S01,approx_max_internal_depth,8.2,m,documented,Transcribed source value,Approximate published schedule; not external footprint or statistical range.,PDF p23
D01,S01,storeys,2,storeys,documented,Transcribed source value,,PDF p23
T02,S01,approx_max_internal_width,3.9,m,documented,Transcribed source value,Approximate published schedule; not external footprint or statistical range.,PDF p7
T02,S01,approx_max_internal_depth,8.0,m,documented,Transcribed source value,Approximate published schedule; not external footprint or statistical range.,PDF p7
T02,S01,storeys,2,storeys,documented,Transcribed source value,,PDF p7
D01,S01,frontage_width,7520,mm,documented,Transcribed source value,Published frontage; do not derive exterior depth from internal area.,PDF p24
D01,S01,gross_internal_area_schedule,112.2,m2,documented,Transcribed source value,Adjacent p24 gives 112.35 m2; discrepancy preserved.,PDF p23
D01,S01,gross_internal_area_description,112.35,m2,documented,Transcribed source value,Schedule p23 gives 112.2 m2; not silently reconciled.,PDF p24
D01,S01,design_person_places,6,design persons,documented,Transcribed source value,"Design designation, not surveyed occupancy.",PDF p24
T02,S01,frontage_width,4500,mm,documented,Transcribed source value,,PDF p8
T02,S01,gross_internal_area,62,m2,documented,Transcribed source value,,PDF pp7-8
T02,S01,design_person_places,4,design persons,documented,Transcribed source value,"Design designation, not surveyed occupancy.",PDF p8
D02,S02,width,15.9,m,documented,Transcribed source value,Existing house reported in planning table; not independently surveyed.,PDF pp1-2; p7 comparison table (§8.2)
D02,S02,depth_west,11.4,m,documented,Transcribed source value,Existing house reported in planning table; not independently surveyed.,PDF pp1-2; p7 comparison table (§8.2)
D02,S02,depth_east,15.2,m,documented,Transcribed source value,Existing house reported in planning table; not independently surveyed.,PDF pp1-2; p7 comparison table (§8.2)
D02,S02,eaves_height,5.4,m,documented,Transcribed source value,Existing house reported in planning table; not independently surveyed.,PDF pp1-2; p7 comparison table (§8.2)
D02,S02,roof_height,8.2,m,documented,Transcribed source value,Existing house reported in planning table; not independently surveyed.,PDF pp1-2; p7 comparison table (§8.2)
D02,S02,proposed_width,16.6,m,documented,Transcribed source value,2019 proposal; construction not verified. Not the existing house.,PDF pp1-2; p7 comparison table (§8.2)
D02,S02,proposed_max_depth,17,m,documented,Transcribed source value,2019 proposal; construction not verified. Not the existing house.,PDF pp1-2; p7 comparison table (§8.2)
D02,S02,proposed_eaves,5.8,m,documented,Transcribed source value,2019 proposal; construction not verified. Not the existing house.,PDF pp1-2; p7 comparison table (§8.2)
D02,S02,proposed_ridge,9,m,documented,Transcribed source value,2019 proposal; construction not verified. Not the existing house.,PDF pp1-2; p7 comparison table (§8.2)
D02,S02,proposed_link_roof_height,8,m,documented,Transcribed source value,2019 proposal; construction not verified. Not the existing house.,PDF pp1-2; p7 comparison table (§8.2)
D02,S02,proposed_west_boundary_gap,0.85,m,documented,Transcribed source value,2019 proposal; construction not verified. Not the existing house.,PDF pp1-2; p7 comparison table (§8.2)
D02,S02,proposed_east_boundary_gap,0.8,m,documented,Transcribed source value,2019 proposal; construction not verified. Not the existing house.,PDF pp1-2; p7 comparison table (§8.2)
D03,S03,width,9.5,m,documented,Transcribed source value,Documented 2018 proposal; as-built not verified.,PDF/printed p92 §4.6
D03,S03,depth,9.5,m,documented,Transcribed source value,Documented 2018 proposal; as-built not verified.,PDF/printed p92 §4.6
D03,S03,eaves_height,5.5,m,documented,Transcribed source value,Documented 2018 proposal; as-built not verified.,PDF/printed p92 §4.6
D03,S03,ridge_height,7.8,m,documented,Transcribed source value,Documented 2018 proposal; as-built not verified.,PDF/printed p92 §4.6
D03,S03,storeys,3,storeys,documented,Transcribed source value,Reported count may include roof accommodation; no equal floor-height inference.,p92 §4.6
A01-C,S03,width,24,m,documented,Transcribed source value,Documented 2018 proposal; as-built not verified.,PDF/printed p92 §4.4
A01-C,S03,depth,7.8,m,documented,Transcribed source value,Documented 2018 proposal; as-built not verified.,PDF/printed p92 §4.4
A01-C,S03,eaves_height,6.5,m,documented,Transcribed source value,Documented 2018 proposal; as-built not verified.,PDF/printed p92 §4.4
A01-C,S03,ridge_height,8.5,m,documented,Transcribed source value,Documented 2018 proposal; as-built not verified.,PDF/printed p92 §4.4
A01-C,S03,storeys,3,storeys,documented,Transcribed source value,Reported count may include roof accommodation; no equal floor-height inference.,p92 §4.4
A01-C,S03,dwelling_count,6,flats,documented,Transcribed source value,Per proposed block; B and B1 each six. Not people.,p92 §4.4
A01-B,S03,width,18,m,documented,Transcribed source value,Documented 2018 proposal; as-built not verified.,PDF/printed p92 §4.3
A01-B,S03,depth,9.8,m,documented,Transcribed source value,Documented 2018 proposal; as-built not verified.,PDF/printed p92 §4.3
A01-B,S03,eaves_height,6.5,m,documented,Transcribed source value,Documented 2018 proposal; as-built not verified.,PDF/printed p92 §4.3
A01-B,S03,ridge_height,8.5,m,documented,Transcribed source value,Documented 2018 proposal; as-built not verified.,PDF/printed p92 §4.3
A01-B,S03,storeys,3,storeys,documented,Transcribed source value,Reported count may include roof accommodation; no equal floor-height inference.,p92 §4.3
A01-B,S03,dwelling_count,6,flats,documented,Transcribed source value,Per proposed block; B and B1 each six. Not people.,p92 §4.3
A01-A,S03,width,18.5,m,documented,Transcribed source value,Documented 2018 proposal; as-built not verified.,PDF/printed p92 §4.2
A01-A,S03,depth,16,m,documented,Transcribed source value,Documented 2018 proposal; as-built not verified.,PDF/printed p92 §4.2
A01-A,S03,eaves_height,9,m,documented,Transcribed source value,Documented 2018 proposal; as-built not verified.,PDF/printed p92 §4.2
A01-A,S03,ridge_height,11.5,m,documented,Transcribed source value,Documented 2018 proposal; as-built not verified.,PDF/printed p92 §4.2
A01-A,S03,storeys,4,storeys,documented,Transcribed source value,Reported count may include roof accommodation; no equal floor-height inference.,p92 §4.2
A01-A,S03,dwelling_count,10,flats,documented,Transcribed source value,Per proposed block; B and B1 each six. Not people.,p92 §4.2
T01,S04,storeys,2,storeys,documented,Transcribed source value,,Details
T01,S04,facade_bays,2,bays,documented,Transcribed source value,Per house for T01/M01; whole front range for M02/W02.,Details
M01,S06,storeys,2,storeys,documented,Transcribed source value,,Details; IOE01/04549/25 photo link
M01,S06,facade_bays,2,bays,documented,Transcribed source value,Per house for T01/M01; whole front range for M02/W02.,Details; IOE01/04549/25 photo link
M02,S07,storeys,2,storeys,documented,Transcribed source value,,Details; archive photograph
M02,S07,facade_bays,9,bays,documented,Transcribed source value,Per house for T01/M01; whole front range for M02/W02.,Details; archive photograph
W02,S15,storeys,3,storeys,documented,Transcribed source value,,Details: plan; front; rear courtyard; interiors
W02,S15,facade_bays,9,bays,documented,Transcribed source value,Per house for T01/M01; whole front range for M02/W02.,Details: plan; front; rear courtyard; interiors
M01,S06,No107_attachment_storeys,1,storeys,documented,Transcribed source value,,Details; IOE01/04549/25 photo link
T03,S05,street_width,14,m,documented,Transcribed source value,Architect description; measurement endpoints not given. Not carriageway width.,Project text; 059_N252 photograph
A02,S09,main_storeys,4,storeys,documented,Transcribed source value,Plus penthouse.,Details: plan and exterior
A02,S09,listing_flat_count,36,flats,documented,Transcribed source value,Historical/altered listing count; not current occupied households.,Details: plan and exterior
A03,S10,Type_D_apartment_area,75,m2,documented,Transcribed source value,Published unit area; measurement convention not stated; not block floorplate.,Housing Choice: types A–D; Precision-Made; Space for Community
A03,S10,paired_ground_flat_area,51,m2,documented,Transcribed source value,Separate type; not Type D.,Housing Choice: types A–D; Precision-Made; Space for Community
A03,S10,paired_first_flat_area,61,m2,documented,Transcribed source value,Separate type; not Type D.,Housing Choice: types A–D; Precision-Made; Space for Community
C03,S10,whole_development_homes,42,homes,documented,Transcribed source value,Same project as A03; houses and flats combined.,Housing Choice: types A–D; Precision-Made; Space for Community
C01,S11,original_block_storeys,4,storeys,documented,Transcribed source value,,"Details: plan, exterior, access"
C01,S11,court_front_window_range,7,windows across,documented,Transcribed source value,,"Details: plan, exterior, access"
C01,S11,back_window_range,6,windows across,documented,Transcribed source value,,"Details: plan, exterior, access"
C02,S12,whole_estate_flats,211,flats,documented,Transcribed source value,Two blocks; no per-wing allocation inferred.,Details
C02,S12,whole_estate_shops,17,shops,documented,Transcribed source value,Original units; some combined.,Details
C02,S12,storeys,7,storeys,documented,Transcribed source value,Includes lower-ground floor; upper two set back.,Details
W01,S13,initial_terraced_houses,4,houses,documented,Transcribed source value,,Printed p63
W01,S13,early_rear_range_storeys,2,storeys,documented,Transcribed source value,,Printed p63
W01,S13,peak_employment_upper_bound,60,workers,documented,Transcribed source value,Up to 60 in its heyday; no date or floor-area denominator supplied.,Printed p64
MAT01,S17,brick_length,215,mm,documented,Transcribed source value,Modern standard format; not a measurement of historic masonry.,What is a standard format brick?
MAT01,S17,brick_width,102.5,mm,documented,Transcribed source value,Modern standard format; not a measurement of historic masonry.,What is a standard format brick?
MAT01,S17,brick_height,65,mm,documented,Transcribed source value,Modern standard format; not a measurement of historic masonry.,What is a standard format brick?
MAT02,S18,plain_tile_length,265,mm,documented,Transcribed source value,Specific manufacturer detail 800CPT35 A; not every clay roof.,800CPT35 revision A; sheet1
MAT02,S18,plain_tile_width,165,mm,documented,Transcribed source value,Specific manufacturer detail 800CPT35 A; not every clay roof.,800CPT35 revision A; sheet1
MAT02,S18,eaves_tile_length,215,mm,documented,Transcribed source value,Specific manufacturer detail 800CPT35 A; not every clay roof.,800CPT35 revision A; sheet1
MAT02,S18,minimum_headlap,65,mm,documented,Transcribed source value,Specific manufacturer detail 800CPT35 A; not every clay roof.,800CPT35 revision A; sheet1
MAT02,S18,batten_width,38,mm,documented,Transcribed source value,Specific manufacturer detail 800CPT35 A; not every clay roof.,800CPT35 revision A; sheet1
MAT02,S18,batten_depth,25,mm,documented,Transcribed source value,Specific manufacturer detail 800CPT35 A; not every clay roof.,800CPT35 revision A; sheet1
MAT02,S18,course_gauge_at_65mm_headlap,100,mm,documented,Arithmetic: (265 - 65) / 2 for double lap,Derived from this detail; do not expose the entire 265mm tile length.,800CPT35 revision A; sheet1
MAT03,S19,catalogue_slate_length,500,mm,documented,Transcribed source value,One listed product size; exposure and headlap govern application.,"PDF pp20-21: exposure, rafter length and headlap tables"
MAT03,S19,catalogue_slate_width,250,mm,documented,Transcribed source value,One listed size; not measured on atlas roofs.,"PDF pp20-21: exposure, rafter length and headlap tables"
D01,S01,plot_width,,m,missing,Not established,"Unlocated archetype, not independent built survey; roof, setbacks, opening dimensions unknown.",PDF pp7-9 LTH 201; pp23-25 LTH 207
D01,S01,plot_depth,,m,missing,Not established,"Unlocated archetype, not independent built survey; roof, setbacks, opening dimensions unknown.",PDF pp7-9 LTH 201; pp23-25 LTH 207
D01,S01,floor_to_floor_height,,m,missing,Not established,"Unlocated archetype, not independent built survey; roof, setbacks, opening dimensions unknown.",PDF pp7-9 LTH 201; pp23-25 LTH 207
D01,S01,window_width,,m,missing,Not established,"Unlocated archetype, not independent built survey; roof, setbacks, opening dimensions unknown.",PDF pp7-9 LTH 201; pp23-25 LTH 207
D01,S01,window_height,,m,missing,Not established,"Unlocated archetype, not independent built survey; roof, setbacks, opening dimensions unknown.",PDF pp7-9 LTH 201; pp23-25 LTH 207
D01,S01,roof_pitch,,degrees,missing,Not established,"Unlocated archetype, not independent built survey; roof, setbacks, opening dimensions unknown.",PDF pp7-9 LTH 201; pp23-25 LTH 207
D01,S01,roof_clear_span,,m,missing,Not established,"Unlocated archetype, not independent built survey; roof, setbacks, opening dimensions unknown.",PDF pp7-9 LTH 201; pp23-25 LTH 207
D02,S02,plot_width,,m,missing,Not established,No as-built survey supplied; no opening or roof-span dimensions; do not equate proposal to existing house.,PDF pp1-2; p7 comparison table (§8.2)
D02,S02,plot_depth,,m,missing,Not established,No as-built survey supplied; no opening or roof-span dimensions; do not equate proposal to existing house.,PDF pp1-2; p7 comparison table (§8.2)
D02,S02,floor_to_floor_height,,m,missing,Not established,No as-built survey supplied; no opening or roof-span dimensions; do not equate proposal to existing house.,PDF pp1-2; p7 comparison table (§8.2)
D02,S02,window_width,,m,missing,Not established,No as-built survey supplied; no opening or roof-span dimensions; do not equate proposal to existing house.,PDF pp1-2; p7 comparison table (§8.2)
D02,S02,window_height,,m,missing,Not established,No as-built survey supplied; no opening or roof-span dimensions; do not equate proposal to existing house.,PDF pp1-2; p7 comparison table (§8.2)
D02,S02,roof_pitch,,degrees,missing,Not established,No as-built survey supplied; no opening or roof-span dimensions; do not equate proposal to existing house.,PDF pp1-2; p7 comparison table (§8.2)
D02,S02,roof_clear_span,,m,missing,Not established,No as-built survey supplied; no opening or roof-span dimensions; do not equate proposal to existing house.,PDF pp1-2; p7 comparison table (§8.2)
D03,S03,plot_width,,m,missing,Not established,"Completion unverified; section, roof form and opening sizes missing.",Printed/PDF pp91-92; §4.2-4.6
D03,S03,plot_depth,,m,missing,Not established,"Completion unverified; section, roof form and opening sizes missing.",Printed/PDF pp91-92; §4.2-4.6
D03,S03,floor_to_floor_height,,m,missing,Not established,"Completion unverified; section, roof form and opening sizes missing.",Printed/PDF pp91-92; §4.2-4.6
D03,S03,window_width,,m,missing,Not established,"Completion unverified; section, roof form and opening sizes missing.",Printed/PDF pp91-92; §4.2-4.6
D03,S03,window_height,,m,missing,Not established,"Completion unverified; section, roof form and opening sizes missing.",Printed/PDF pp91-92; §4.2-4.6
D03,S03,roof_pitch,,degrees,missing,Not established,"Completion unverified; section, roof form and opening sizes missing.",Printed/PDF pp91-92; §4.2-4.6
D03,S03,roof_clear_span,,m,missing,Not established,"Completion unverified; section, roof form and opening sizes missing.",Printed/PDF pp91-92; §4.2-4.6
T01,S04,plot_width,,m,missing,Not established,"Metric frontage, pitch, plot and access plan missing. Listing is not a measured survey.",Details
T01,S04,plot_depth,,m,missing,Not established,"Metric frontage, pitch, plot and access plan missing. Listing is not a measured survey.",Details
T01,S04,floor_to_floor_height,,m,missing,Not established,"Metric frontage, pitch, plot and access plan missing. Listing is not a measured survey.",Details
T01,S04,window_width,,m,missing,Not established,"Metric frontage, pitch, plot and access plan missing. Listing is not a measured survey.",Details
T01,S04,window_height,,m,missing,Not established,"Metric frontage, pitch, plot and access plan missing. Listing is not a measured survey.",Details
T01,S04,roof_pitch,,degrees,missing,Not established,"Metric frontage, pitch, plot and access plan missing. Listing is not a measured survey.",Details
T01,S04,roof_clear_span,,m,missing,Not established,"Metric frontage, pitch, plot and access plan missing. Listing is not a measured survey.",Details
T02,S01,plot_width,,m,missing,Not established,Not a northern historic sample; external depth and roof dimensions missing.,PDF pp7-9 LTH 201; pp23-25 LTH 207
T02,S01,plot_depth,,m,missing,Not established,Not a northern historic sample; external depth and roof dimensions missing.,PDF pp7-9 LTH 201; pp23-25 LTH 207
T02,S01,floor_to_floor_height,,m,missing,Not established,Not a northern historic sample; external depth and roof dimensions missing.,PDF pp7-9 LTH 201; pp23-25 LTH 207
T02,S01,window_width,,m,missing,Not established,Not a northern historic sample; external depth and roof dimensions missing.,PDF pp7-9 LTH 201; pp23-25 LTH 207
T02,S01,window_height,,m,missing,Not established,Not a northern historic sample; external depth and roof dimensions missing.,PDF pp7-9 LTH 201; pp23-25 LTH 207
T02,S01,roof_pitch,,degrees,missing,Not established,Not a northern historic sample; external depth and roof dimensions missing.,PDF pp7-9 LTH 201; pp23-25 LTH 207
T02,S01,roof_clear_span,,m,missing,Not established,Not a northern historic sample; external depth and roof dimensions missing.,PDF pp7-9 LTH 201; pp23-25 LTH 207
T03,S05,plot_width,,m,missing,Not established,"Street-width endpoints not defined here; not a carriageway width. Individual footprint, heights and pitch unmeasured.",Project text; 059_N252 photograph
T03,S05,plot_depth,,m,missing,Not established,"Street-width endpoints not defined here; not a carriageway width. Individual footprint, heights and pitch unmeasured.",Project text; 059_N252 photograph
T03,S05,floor_to_floor_height,,m,missing,Not established,"Street-width endpoints not defined here; not a carriageway width. Individual footprint, heights and pitch unmeasured.",Project text; 059_N252 photograph
T03,S05,window_width,,m,missing,Not established,"Street-width endpoints not defined here; not a carriageway width. Individual footprint, heights and pitch unmeasured.",Project text; 059_N252 photograph
T03,S05,window_height,,m,missing,Not established,"Street-width endpoints not defined here; not a carriageway width. Individual footprint, heights and pitch unmeasured.",Project text; 059_N252 photograph
T03,S05,roof_pitch,,degrees,missing,Not established,"Street-width endpoints not defined here; not a carriageway width. Individual footprint, heights and pitch unmeasured.",Project text; 059_N252 photograph
T03,S05,roof_clear_span,,m,missing,Not established,"Street-width endpoints not defined here; not a carriageway width. Individual footprint, heights and pitch unmeasured.",Project text; 059_N252 photograph
M01,S06,plot_width,,m,missing,Not established,"No verified shop/residential internal separation, metric widths or capacity.",Details; IOE01/04549/25 photo link
M01,S06,plot_depth,,m,missing,Not established,"No verified shop/residential internal separation, metric widths or capacity.",Details; IOE01/04549/25 photo link
M01,S06,floor_to_floor_height,,m,missing,Not established,"No verified shop/residential internal separation, metric widths or capacity.",Details; IOE01/04549/25 photo link
M01,S06,window_width,,m,missing,Not established,"No verified shop/residential internal separation, metric widths or capacity.",Details; IOE01/04549/25 photo link
M01,S06,window_height,,m,missing,Not established,"No verified shop/residential internal separation, metric widths or capacity.",Details; IOE01/04549/25 photo link
M01,S06,roof_pitch,,degrees,missing,Not established,"No verified shop/residential internal separation, metric widths or capacity.",Details; IOE01/04549/25 photo link
M01,S06,roof_clear_span,,m,missing,Not established,"No verified shop/residential internal separation, metric widths or capacity.",Details; IOE01/04549/25 photo link
M02,S07,plot_width,,m,missing,Not established,"Not independently established as a corner; retained as a mixed-use range control. Footprint, stairs and dwelling counts missing.",Details; archive photograph
M02,S07,plot_depth,,m,missing,Not established,"Not independently established as a corner; retained as a mixed-use range control. Footprint, stairs and dwelling counts missing.",Details; archive photograph
M02,S07,floor_to_floor_height,,m,missing,Not established,"Not independently established as a corner; retained as a mixed-use range control. Footprint, stairs and dwelling counts missing.",Details; archive photograph
M02,S07,window_width,,m,missing,Not established,"Not independently established as a corner; retained as a mixed-use range control. Footprint, stairs and dwelling counts missing.",Details; archive photograph
M02,S07,window_height,,m,missing,Not established,"Not independently established as a corner; retained as a mixed-use range control. Footprint, stairs and dwelling counts missing.",Details; archive photograph
M02,S07,roof_pitch,,degrees,missing,Not established,"Not independently established as a corner; retained as a mixed-use range control. Footprint, stairs and dwelling counts missing.",Details; archive photograph
M02,S07,roof_clear_span,,m,missing,Not established,"Not independently established as a corner; retained as a mixed-use range control. Footprint, stairs and dwelling counts missing.",Details; archive photograph
M03,S08,plot_width,,m,missing,Not established,Mixed use at No1 not established; public-house and shop evidence belongs to nearby examples. No metre dimensions.,West Parade / Beaumont Fee character extract; Figure 5
M03,S08,plot_depth,,m,missing,Not established,Mixed use at No1 not established; public-house and shop evidence belongs to nearby examples. No metre dimensions.,West Parade / Beaumont Fee character extract; Figure 5
M03,S08,floor_to_floor_height,,m,missing,Not established,Mixed use at No1 not established; public-house and shop evidence belongs to nearby examples. No metre dimensions.,West Parade / Beaumont Fee character extract; Figure 5
M03,S08,window_width,,m,missing,Not established,Mixed use at No1 not established; public-house and shop evidence belongs to nearby examples. No metre dimensions.,West Parade / Beaumont Fee character extract; Figure 5
M03,S08,window_height,,m,missing,Not established,Mixed use at No1 not established; public-house and shop evidence belongs to nearby examples. No metre dimensions.,West Parade / Beaumont Fee character extract; Figure 5
M03,S08,roof_pitch,,degrees,missing,Not established,Mixed use at No1 not established; public-house and shop evidence belongs to nearby examples. No metre dimensions.,West Parade / Beaumont Fee character extract; Figure 5
M03,S08,roof_clear_span,,m,missing,Not established,Mixed use at No1 not established; public-house and shop evidence belongs to nearby examples. No metre dimensions.,West Parade / Beaumont Fee character extract; Figure 5
A01,S03,plot_width,,m,missing,Not established,"Same project, not three independent examples. Roof storeys and stair layouts unverified.",Printed/PDF pp91-92; §4.2-4.6
A01,S03,plot_depth,,m,missing,Not established,"Same project, not three independent examples. Roof storeys and stair layouts unverified.",Printed/PDF pp91-92; §4.2-4.6
A01,S03,floor_to_floor_height,,m,missing,Not established,"Same project, not three independent examples. Roof storeys and stair layouts unverified.",Printed/PDF pp91-92; §4.2-4.6
A01,S03,window_width,,m,missing,Not established,"Same project, not three independent examples. Roof storeys and stair layouts unverified.",Printed/PDF pp91-92; §4.2-4.6
A01,S03,window_height,,m,missing,Not established,"Same project, not three independent examples. Roof storeys and stair layouts unverified.",Printed/PDF pp91-92; §4.2-4.6
A01,S03,roof_pitch,,degrees,missing,Not established,"Same project, not three independent examples. Roof storeys and stair layouts unverified.",Printed/PDF pp91-92; §4.2-4.6
A01,S03,roof_clear_span,,m,missing,Not established,"Same project, not three independent examples. Roof storeys and stair layouts unverified.",Printed/PDF pp91-92; §4.2-4.6
A02,S09,plot_width,,m,missing,Not established,Not ordinary northern vernacular; deliberate construction contrast. Historical listing count not current occupancy; metre dimensions absent.,Details: plan and exterior
A02,S09,plot_depth,,m,missing,Not established,Not ordinary northern vernacular; deliberate construction contrast. Historical listing count not current occupancy; metre dimensions absent.,Details: plan and exterior
A02,S09,floor_to_floor_height,,m,missing,Not established,Not ordinary northern vernacular; deliberate construction contrast. Historical listing count not current occupancy; metre dimensions absent.,Details: plan and exterior
A02,S09,window_width,,m,missing,Not established,Not ordinary northern vernacular; deliberate construction contrast. Historical listing count not current occupancy; metre dimensions absent.,Details: plan and exterior
A02,S09,window_height,,m,missing,Not established,Not ordinary northern vernacular; deliberate construction contrast. Historical listing count not current occupancy; metre dimensions absent.,Details: plan and exterior
A02,S09,roof_pitch,,degrees,missing,Not established,Not ordinary northern vernacular; deliberate construction contrast. Historical listing count not current occupancy; metre dimensions absent.,Details: plan and exterior
A02,S09,roof_clear_span,,m,missing,Not established,Not ordinary northern vernacular; deliberate construction contrast. Historical listing count not current occupancy; metre dimensions absent.,Details: plan and exterior
A03,S10,plot_width,,m,missing,Not established,Type D illustration has no scale; unit area does not establish whole-block footprint or occupancy.,Housing Choice: types A–D; Precision-Made; Space for Community
A03,S10,plot_depth,,m,missing,Not established,Type D illustration has no scale; unit area does not establish whole-block footprint or occupancy.,Housing Choice: types A–D; Precision-Made; Space for Community
A03,S10,floor_to_floor_height,,m,missing,Not established,Type D illustration has no scale; unit area does not establish whole-block footprint or occupancy.,Housing Choice: types A–D; Precision-Made; Space for Community
A03,S10,window_width,,m,missing,Not established,Type D illustration has no scale; unit area does not establish whole-block footprint or occupancy.,Housing Choice: types A–D; Precision-Made; Space for Community
A03,S10,window_height,,m,missing,Not established,Type D illustration has no scale; unit area does not establish whole-block footprint or occupancy.,Housing Choice: types A–D; Precision-Made; Space for Community
A03,S10,roof_pitch,,degrees,missing,Not established,Type D illustration has no scale; unit area does not establish whole-block footprint or occupancy.,Housing Choice: types A–D; Precision-Made; Space for Community
A03,S10,roof_clear_span,,m,missing,Not established,Type D illustration has no scale; unit area does not establish whole-block footprint or occupancy.,Housing Choice: types A–D; Precision-Made; Space for Community
C01,S11,plot_width,,m,missing,Not established,"Court dimensions, wing depth and dwelling areas missing; no northern replication justified.","Details: plan, exterior, access"
C01,S11,plot_depth,,m,missing,Not established,"Court dimensions, wing depth and dwelling areas missing; no northern replication justified.","Details: plan, exterior, access"
C01,S11,floor_to_floor_height,,m,missing,Not established,"Court dimensions, wing depth and dwelling areas missing; no northern replication justified.","Details: plan, exterior, access"
C01,S11,window_width,,m,missing,Not established,"Court dimensions, wing depth and dwelling areas missing; no northern replication justified.","Details: plan, exterior, access"
C01,S11,window_height,,m,missing,Not established,"Court dimensions, wing depth and dwelling areas missing; no northern replication justified.","Details: plan, exterior, access"
C01,S11,roof_pitch,,degrees,missing,Not established,"Court dimensions, wing depth and dwelling areas missing; no northern replication justified.","Details: plan, exterior, access"
C01,S11,roof_clear_span,,m,missing,Not established,"Court dimensions, wing depth and dwelling areas missing; no northern replication justified.","Details: plan, exterior, access"
C02,S12,plot_width,,m,missing,Not established,Estate-level counts not per wing; no court or structural span dimensions; scale exceeds the initial small block.,Details
C02,S12,plot_depth,,m,missing,Not established,Estate-level counts not per wing; no court or structural span dimensions; scale exceeds the initial small block.,Details
C02,S12,floor_to_floor_height,,m,missing,Not established,Estate-level counts not per wing; no court or structural span dimensions; scale exceeds the initial small block.,Details
C02,S12,window_width,,m,missing,Not established,Estate-level counts not per wing; no court or structural span dimensions; scale exceeds the initial small block.,Details
C02,S12,window_height,,m,missing,Not established,Estate-level counts not per wing; no court or structural span dimensions; scale exceeds the initial small block.,Details
C02,S12,roof_pitch,,degrees,missing,Not established,Estate-level counts not per wing; no court or structural span dimensions; scale exceeds the initial small block.,Details
C02,S12,roof_clear_span,,m,missing,Not established,Estate-level counts not per wing; no court or structural span dimensions; scale exceeds the initial small block.,Details
C03,S10,plot_width,,m,missing,Not established,Same project as A03: not independent evidence. Shared-garden dimensions unavailable.,Housing Choice: types A–D; Precision-Made; Space for Community
C03,S10,plot_depth,,m,missing,Not established,Same project as A03: not independent evidence. Shared-garden dimensions unavailable.,Housing Choice: types A–D; Precision-Made; Space for Community
C03,S10,floor_to_floor_height,,m,missing,Not established,Same project as A03: not independent evidence. Shared-garden dimensions unavailable.,Housing Choice: types A–D; Precision-Made; Space for Community
C03,S10,window_width,,m,missing,Not established,Same project as A03: not independent evidence. Shared-garden dimensions unavailable.,Housing Choice: types A–D; Precision-Made; Space for Community
C03,S10,window_height,,m,missing,Not established,Same project as A03: not independent evidence. Shared-garden dimensions unavailable.,Housing Choice: types A–D; Precision-Made; Space for Community
C03,S10,roof_pitch,,degrees,missing,Not established,Same project as A03: not independent evidence. Shared-garden dimensions unavailable.,Housing Choice: types A–D; Precision-Made; Space for Community
C03,S10,roof_clear_span,,m,missing,Not established,Same project as A03: not independent evidence. Shared-garden dimensions unavailable.,Housing Choice: types A–D; Precision-Made; Space for Community
W01,S13,plot_width,,m,missing,Not established,"No measured spans, heights or worker area; perspective photo not scaled.",Printed pp61-71; p63 Fig4 (PDF p65); p64 employment
W01,S13,plot_depth,,m,missing,Not established,"No measured spans, heights or worker area; perspective photo not scaled.",Printed pp61-71; p63 Fig4 (PDF p65); p64 employment
W01,S13,floor_to_floor_height,,m,missing,Not established,"No measured spans, heights or worker area; perspective photo not scaled.",Printed pp61-71; p63 Fig4 (PDF p65); p64 employment
W01,S13,window_width,,m,missing,Not established,"No measured spans, heights or worker area; perspective photo not scaled.",Printed pp61-71; p63 Fig4 (PDF p65); p64 employment
W01,S13,window_height,,m,missing,Not established,"No measured spans, heights or worker area; perspective photo not scaled.",Printed pp61-71; p63 Fig4 (PDF p65); p64 employment
W01,S13,roof_pitch,,degrees,missing,Not established,"No measured spans, heights or worker area; perspective photo not scaled.",Printed pp61-71; p63 Fig4 (PDF p65); p64 employment
W01,S13,roof_clear_span,,m,missing,Not established,"No measured spans, heights or worker area; perspective photo not scaled.",Printed pp61-71; p63 Fig4 (PDF p65); p64 employment
W02,S15,plot_width,,m,missing,Not established,"Date discrepancy retained; footprint, pitch, openings and structural dimensions missing.",Details: plan; front; rear courtyard; interiors
W02,S15,plot_depth,,m,missing,Not established,"Date discrepancy retained; footprint, pitch, openings and structural dimensions missing.",Details: plan; front; rear courtyard; interiors
W02,S15,floor_to_floor_height,,m,missing,Not established,"Date discrepancy retained; footprint, pitch, openings and structural dimensions missing.",Details: plan; front; rear courtyard; interiors
W02,S15,window_width,,m,missing,Not established,"Date discrepancy retained; footprint, pitch, openings and structural dimensions missing.",Details: plan; front; rear courtyard; interiors
W02,S15,window_height,,m,missing,Not established,"Date discrepancy retained; footprint, pitch, openings and structural dimensions missing.",Details: plan; front; rear courtyard; interiors
W02,S15,roof_pitch,,degrees,missing,Not established,"Date discrepancy retained; footprint, pitch, openings and structural dimensions missing.",Details: plan; front; rear courtyard; interiors
W02,S15,roof_clear_span,,m,missing,Not established,"Date discrepancy retained; footprint, pitch, openings and structural dimensions missing.",Details: plan; front; rear courtyard; interiors
M1,P01,footprint_width,4.8,m,proposed,Model brief parameter / trigonometry,"Research prototype, not measured architecture or approved content.",M1–M3
M1,P01,footprint_depth,9.6,m,proposed,Model brief parameter / trigonometry,"Research prototype, not measured architecture or approved content.",M1–M3
M1,P01,wall_height,6,m,proposed,Model brief parameter / trigonometry,"Research prototype, not measured architecture or approved content.",M1–M3
M1,P01,roof_rise_or_parapet,3.361,m,proposed,Model brief parameter / trigonometry,"Research prototype, not measured architecture or approved content.",M1–M3
M2,P01,footprint_width,9.6,m,proposed,Model brief parameter / trigonometry,"Research prototype, not measured architecture or approved content.",M1–M3
M2,P01,footprint_depth,12,m,proposed,Model brief parameter / trigonometry,"Research prototype, not measured architecture or approved content.",M1–M3
M2,P01,wall_height,9.6,m,proposed,Model brief parameter / trigonometry,"Research prototype, not measured architecture or approved content.",M1–M3
M2,P01,roof_rise_or_parapet,3.361,m,proposed,Model brief parameter / trigonometry,"Research prototype, not measured architecture or approved content.",M1–M3
M3,P01,footprint_width,24,m,proposed,Model brief parameter / trigonometry,"Research prototype, not measured architecture or approved content.",M1–M3
M3,P01,footprint_depth,16,m,proposed,Model brief parameter / trigonometry,"Research prototype, not measured architecture or approved content.",M1–M3
M3,P01,wall_height,10.5,m,proposed,Model brief parameter / trigonometry,"Research prototype, not measured architecture or approved content.",M1–M3
M3,P01,roof_rise_or_parapet,0.45,m,proposed,Model brief parameter / trigonometry,"Research prototype, not measured architecture or approved content.",M1–M3
M1,P01,roof_pitch,35,degrees,proposed,Model brief parameter or arithmetic,"Not a surveyed dimension, code-compliance claim or approved game capacity.",M1–M3
M1,P01,floor_to_floor,3,m,proposed,Model brief parameter or arithmetic,"Not a surveyed dimension, code-compliance claim or approved game capacity.",M1–M3
M1,P01,house_frontage,4.8,m,proposed,Model brief parameter or arithmetic,"Not a surveyed dimension, code-compliance claim or approved game capacity.",M1–M3
M1,P01,house_count,5,dwellings,proposed,Model brief parameter or arithmetic,"Not a surveyed dimension, code-compliance claim or approved game capacity.",M1–M3
M1,P01,plot_depth,23,m,proposed,Model brief parameter or arithmetic,"Not a surveyed dimension, code-compliance claim or approved game capacity.",M1–M3
M1,P01,front_setback,1.2,m,proposed,Model brief parameter or arithmetic,"Not a surveyed dimension, code-compliance claim or approved game capacity.",M1–M3
M1,P01,roof_eaves_projection,0.25,m,proposed,Model brief parameter or arithmetic,"Not a surveyed dimension, code-compliance claim or approved game capacity.",M1–M3
M1,P01,door_width,0.95,m,proposed,Model brief parameter or arithmetic,"Not a surveyed dimension, code-compliance claim or approved game capacity.",M1–M3
M1,P01,door_height,2.1,m,proposed,Model brief parameter or arithmetic,"Not a surveyed dimension, code-compliance claim or approved game capacity.",M1–M3
M1,P01,window_width,1.05,m,proposed,Model brief parameter or arithmetic,"Not a surveyed dimension, code-compliance claim or approved game capacity.",M1–M3
M1,P01,window_height,1.5,m,proposed,Model brief parameter or arithmetic,"Not a surveyed dimension, code-compliance claim or approved game capacity.",M1–M3
M2,P01,roof_pitch,35,degrees,proposed,Model brief parameter or arithmetic,"Not a surveyed dimension, code-compliance claim or approved game capacity.",M1–M3
M2,P01,ground_storey_height,3.6,m,proposed,Model brief parameter or arithmetic,"Not a surveyed dimension, code-compliance claim or approved game capacity.",M1–M3
M2,P01,upper_storey_height,3,m,proposed,Model brief parameter or arithmetic,"Not a surveyed dimension, code-compliance claim or approved game capacity.",M1–M3
M2,P01,home_count,2,dwellings,proposed,Model brief parameter or arithmetic,"Not a surveyed dimension, code-compliance claim or approved game capacity.",M1–M3
M2,P01,shop_count,1,shop,proposed,Model brief parameter or arithmetic,"Not a surveyed dimension, code-compliance claim or approved game capacity.",M1–M3
M2,P01,rear_attachment_width,3.6,m,proposed,Model brief parameter or arithmetic,"Not a surveyed dimension, code-compliance claim or approved game capacity.",M1–M3
M2,P01,rear_attachment_depth,4.8,m,proposed,Model brief parameter or arithmetic,"Not a surveyed dimension, code-compliance claim or approved game capacity.",M1–M3
M3,P01,floor_to_floor,3.5,m,proposed,Model brief parameter or arithmetic,"Not a surveyed dimension, code-compliance claim or approved game capacity.",M1–M3
M3,P01,corridor_width,2,m,proposed,Model brief parameter or arithmetic,"Not a surveyed dimension, code-compliance claim or approved game capacity.",M1–M3
M3,P01,circulation_area_per_floor,86,m2,proposed,Model brief parameter or arithmetic,"Not a surveyed dimension, code-compliance claim or approved game capacity.",M1–M3
M3,P01,unit_envelope_mean_before_walls,74.5,m2,proposed,Model brief parameter or arithmetic,"Not a surveyed dimension, code-compliance claim or approved game capacity.",M1–M3
M3,P01,architectural_dwelling_count,12,dwellings,proposed,Model brief parameter or arithmetic,"Not a surveyed dimension, code-compliance claim or approved game capacity.",M1–M3
M3,P01,roof_design_fall_denominator,40,1:n,proposed,Model brief parameter or arithmetic,"Not a surveyed dimension, code-compliance claim or approved game capacity.",M1–M3
M3,P01,roof_fall_run,8,m,proposed,Model brief parameter or arithmetic,"Not a surveyed dimension, code-compliance claim or approved game capacity.",M1–M3
M3,P01,roof_fall,0.2,m,proposed,Model brief parameter or arithmetic,"Not a surveyed dimension, code-compliance claim or approved game capacity.",M1–M3
M3,P01,roof_headhouse_height,2.4,m,proposed,Model brief parameter or arithmetic,"Not a surveyed dimension, code-compliance claim or approved game capacity.",M1–M3
MAT01,P01,nominal_mortar_joint,10,mm,proposed,Model brief parameter or arithmetic,"Not a surveyed dimension, code-compliance claim or approved game capacity.",M1–M3
MAT01,P01,nominal_course_module,75,mm,proposed,Model brief parameter or arithmetic,"Not a surveyed dimension, code-compliance claim or approved game capacity.",M1–M3
MAT03,P01,prototype_headlap,100,mm,proposed,Model brief parameter or arithmetic,"Not a surveyed dimension, code-compliance claim or approved game capacity.",M1–M3
MAT03,P01,prototype_course_gauge,200,mm,proposed,Model brief parameter or arithmetic,"Not a surveyed dimension, code-compliance claim or approved game capacity.",M1–M3
G001,R01,east_west_m,36.0,m,documented,Recorded draw transform; unit wall/roof mesh,"Checkpoint sample, not new simulation. Output rounded to 0.001 m. Capacity is ceiling, not observed use; jobs per Business not whole Building.","artifacts/visual-study/roof-proportions/daylight-near.tsv: draw_index 0, building_id 1"
G001,R01,south_north_m,20.0,m,documented,Recorded draw transform; unit wall/roof mesh,"Checkpoint sample, not new simulation. Output rounded to 0.001 m. Capacity is ceiling, not observed use; jobs per Business not whole Building.","artifacts/visual-study/roof-proportions/daylight-near.tsv: draw_index 0, building_id 1"
G001,R01,wall_m,7.0,m,documented,Recorded draw transform; unit wall/roof mesh,"Checkpoint sample, not new simulation. Output rounded to 0.001 m. Capacity is ceiling, not observed use; jobs per Business not whole Building.","artifacts/visual-study/roof-proportions/daylight-near.tsv: draw_index 0, building_id 1"
G001,R01,floor_m2,1440,m2,documented,Deterministic reconstruction from recorded geometry + code,"Checkpoint sample, not new simulation. Output rounded to 0.001 m. Capacity is ceiling, not observed use; jobs per Business not whole Building.","artifacts/visual-study/roof-proportions/daylight-near.tsv: draw_index 0, building_id 1"
G001,R01,tenancy_capacity,3,tenancies,documented,Deterministic reconstruction from recorded geometry + code,"Checkpoint sample, not new simulation. Output rounded to 0.001 m. Capacity is ceiling, not observed use; jobs per Business not whole Building.","artifacts/visual-study/roof-proportions/daylight-near.tsv: draw_index 0, building_id 1"
G001,R01,jobs_per_premised_business,10,jobs per Business,documented,Deterministic reconstruction from recorded geometry + code,"Checkpoint sample, not new simulation. Output rounded to 0.001 m. Capacity is ceiling, not observed use; jobs per Business not whole Building.","artifacts/visual-study/roof-proportions/daylight-near.tsv: draw_index 0, building_id 1"
G001,R01,roof_rise_m,2.676,m,documented,Recorded draw transform; unit wall/roof mesh,"Checkpoint sample, not new simulation. Output rounded to 0.001 m. Capacity is ceiling, not observed use; jobs per Business not whole Building.","artifacts/visual-study/roof-proportions/daylight-near.tsv: draw_index 0, building_id 1"
G001,R01,roof_pitch_degrees,27.344,degrees,documented,Deterministic reconstruction from recorded geometry + code,"Checkpoint sample, not new simulation. Output rounded to 0.001 m. Capacity is ceiling, not observed use; jobs per Business not whole Building.","artifacts/visual-study/roof-proportions/daylight-near.tsv: draw_index 0, building_id 1"
G002,R01,east_west_m,32.0,m,documented,Recorded draw transform; unit wall/roof mesh,"Checkpoint sample, not new simulation. Output rounded to 0.001 m. Capacity is ceiling, not observed use; jobs per Business not whole Building.","artifacts/visual-study/roof-proportions/daylight-near.tsv: draw_index 1, building_id 2"
G002,R01,south_north_m,24.0,m,documented,Recorded draw transform; unit wall/roof mesh,"Checkpoint sample, not new simulation. Output rounded to 0.001 m. Capacity is ceiling, not observed use; jobs per Business not whole Building.","artifacts/visual-study/roof-proportions/daylight-near.tsv: draw_index 1, building_id 2"
G002,R01,wall_m,10.5,m,documented,Recorded draw transform; unit wall/roof mesh,"Checkpoint sample, not new simulation. Output rounded to 0.001 m. Capacity is ceiling, not observed use; jobs per Business not whole Building.","artifacts/visual-study/roof-proportions/daylight-near.tsv: draw_index 1, building_id 2"
G002,R01,floor_m2,2304,m2,documented,Deterministic reconstruction from recorded geometry + code,"Checkpoint sample, not new simulation. Output rounded to 0.001 m. Capacity is ceiling, not observed use; jobs per Business not whole Building.","artifacts/visual-study/roof-proportions/daylight-near.tsv: draw_index 1, building_id 2"
G002,R01,tenancy_capacity,5,tenancies,documented,Deterministic reconstruction from recorded geometry + code,"Checkpoint sample, not new simulation. Output rounded to 0.001 m. Capacity is ceiling, not observed use; jobs per Business not whole Building.","artifacts/visual-study/roof-proportions/daylight-near.tsv: draw_index 1, building_id 2"
G002,R01,jobs_per_premised_business,9,jobs per Business,documented,Deterministic reconstruction from recorded geometry + code,"Checkpoint sample, not new simulation. Output rounded to 0.001 m. Capacity is ceiling, not observed use; jobs per Business not whole Building.","artifacts/visual-study/roof-proportions/daylight-near.tsv: draw_index 1, building_id 2"
G002,R01,roof_rise_m,3.249,m,documented,Recorded draw transform; unit wall/roof mesh,"Checkpoint sample, not new simulation. Output rounded to 0.001 m. Capacity is ceiling, not observed use; jobs per Business not whole Building.","artifacts/visual-study/roof-proportions/daylight-near.tsv: draw_index 1, building_id 2"
G002,R01,roof_pitch_degrees,27.751,degrees,documented,Deterministic reconstruction from recorded geometry + code,"Checkpoint sample, not new simulation. Output rounded to 0.001 m. Capacity is ceiling, not observed use; jobs per Business not whole Building.","artifacts/visual-study/roof-proportions/daylight-near.tsv: draw_index 1, building_id 2"
G003,R01,east_west_m,24.0,m,documented,Recorded draw transform; unit wall/roof mesh,"Checkpoint sample, not new simulation. Output rounded to 0.001 m. Capacity is ceiling, not observed use; jobs per Business not whole Building.","artifacts/visual-study/roof-proportions/daylight-near.tsv: draw_index 2, building_id 3"
G003,R01,south_north_m,16.0,m,documented,Recorded draw transform; unit wall/roof mesh,"Checkpoint sample, not new simulation. Output rounded to 0.001 m. Capacity is ceiling, not observed use; jobs per Business not whole Building.","artifacts/visual-study/roof-proportions/daylight-near.tsv: draw_index 2, building_id 3"
G003,R01,wall_m,10.5,m,documented,Recorded draw transform; unit wall/roof mesh,"Checkpoint sample, not new simulation. Output rounded to 0.001 m. Capacity is ceiling, not observed use; jobs per Business not whole Building.","artifacts/visual-study/roof-proportions/daylight-near.tsv: draw_index 2, building_id 3"
G003,R01,floor_m2,1152,m2,documented,Deterministic reconstruction from recorded geometry + code,"Checkpoint sample, not new simulation. Output rounded to 0.001 m. Capacity is ceiling, not observed use; jobs per Business not whole Building.","artifacts/visual-study/roof-proportions/daylight-near.tsv: draw_index 2, building_id 3"
G003,R01,tenancy_capacity,2,tenancies,documented,Deterministic reconstruction from recorded geometry + code,"Checkpoint sample, not new simulation. Output rounded to 0.001 m. Capacity is ceiling, not observed use; jobs per Business not whole Building.","artifacts/visual-study/roof-proportions/daylight-near.tsv: draw_index 2, building_id 3"
G003,R01,jobs_per_premised_business,12,jobs per Business,documented,Deterministic reconstruction from recorded geometry + code,"Checkpoint sample, not new simulation. Output rounded to 0.001 m. Capacity is ceiling, not observed use; jobs per Business not whole Building.","artifacts/visual-study/roof-proportions/daylight-near.tsv: draw_index 2, building_id 3"
G003,R01,roof_rise_m,4.125,m,documented,Recorded draw transform; unit wall/roof mesh,"Checkpoint sample, not new simulation. Output rounded to 0.001 m. Capacity is ceiling, not observed use; jobs per Business not whole Building.","artifacts/visual-study/roof-proportions/daylight-near.tsv: draw_index 2, building_id 3"
G003,R01,roof_pitch_degrees,26.29,degrees,documented,Deterministic reconstruction from recorded geometry + code,"Checkpoint sample, not new simulation. Output rounded to 0.001 m. Capacity is ceiling, not observed use; jobs per Business not whole Building.","artifacts/visual-study/roof-proportions/daylight-near.tsv: draw_index 2, building_id 3"
G004,R01,east_west_m,52.0,m,documented,Recorded draw transform; unit wall/roof mesh,"Checkpoint sample, not new simulation. Output rounded to 0.001 m. Capacity is ceiling, not observed use; jobs per Business not whole Building.","artifacts/visual-study/roof-proportions/daylight-near.tsv: draw_index 3, building_id 4"
G004,R01,south_north_m,24.0,m,documented,Recorded draw transform; unit wall/roof mesh,"Checkpoint sample, not new simulation. Output rounded to 0.001 m. Capacity is ceiling, not observed use; jobs per Business not whole Building.","artifacts/visual-study/roof-proportions/daylight-near.tsv: draw_index 3, building_id 4"
G004,R01,wall_m,7.0,m,documented,Recorded draw transform; unit wall/roof mesh,"Checkpoint sample, not new simulation. Output rounded to 0.001 m. Capacity is ceiling, not observed use; jobs per Business not whole Building.","artifacts/visual-study/roof-proportions/daylight-near.tsv: draw_index 3, building_id 4"
G004,R01,floor_m2,2496,m2,documented,Deterministic reconstruction from recorded geometry + code,"Checkpoint sample, not new simulation. Output rounded to 0.001 m. Capacity is ceiling, not observed use; jobs per Business not whole Building.","artifacts/visual-study/roof-proportions/daylight-near.tsv: draw_index 3, building_id 4"
G004,R01,tenancy_capacity,6,tenancies,documented,Deterministic reconstruction from recorded geometry + code,"Checkpoint sample, not new simulation. Output rounded to 0.001 m. Capacity is ceiling, not observed use; jobs per Business not whole Building.","artifacts/visual-study/roof-proportions/daylight-near.tsv: draw_index 3, building_id 4"
G004,R01,jobs_per_premised_business,8,jobs per Business,documented,Deterministic reconstruction from recorded geometry + code,"Checkpoint sample, not new simulation. Output rounded to 0.001 m. Capacity is ceiling, not observed use; jobs per Business not whole Building.","artifacts/visual-study/roof-proportions/daylight-near.tsv: draw_index 3, building_id 4"
G004,R01,roof_rise_m,4.068,m,documented,Recorded draw transform; unit wall/roof mesh,"Checkpoint sample, not new simulation. Output rounded to 0.001 m. Capacity is ceiling, not observed use; jobs per Business not whole Building.","artifacts/visual-study/roof-proportions/daylight-near.tsv: draw_index 3, building_id 4"
G004,R01,roof_pitch_degrees,33.376,degrees,documented,Deterministic reconstruction from recorded geometry + code,"Checkpoint sample, not new simulation. Output rounded to 0.001 m. Capacity is ceiling, not observed use; jobs per Business not whole Building.","artifacts/visual-study/roof-proportions/daylight-near.tsv: draw_index 3, building_id 4"
G005,R01,east_west_m,60.0,m,documented,Recorded draw transform; unit wall/roof mesh,"Checkpoint sample, not new simulation. Output rounded to 0.001 m. Capacity is ceiling, not observed use; jobs per Business not whole Building.","artifacts/visual-study/roof-proportions/daylight-near.tsv: draw_index 4, building_id 5"
G005,R01,south_north_m,24.0,m,documented,Recorded draw transform; unit wall/roof mesh,"Checkpoint sample, not new simulation. Output rounded to 0.001 m. Capacity is ceiling, not observed use; jobs per Business not whole Building.","artifacts/visual-study/roof-proportions/daylight-near.tsv: draw_index 4, building_id 5"
G005,R01,wall_m,10.5,m,documented,Recorded draw transform; unit wall/roof mesh,"Checkpoint sample, not new simulation. Output rounded to 0.001 m. Capacity is ceiling, not observed use; jobs per Business not whole Building.","artifacts/visual-study/roof-proportions/daylight-near.tsv: draw_index 4, building_id 5"
G005,R01,floor_m2,4320,m2,documented,Deterministic reconstruction from recorded geometry + code,"Checkpoint sample, not new simulation. Output rounded to 0.001 m. Capacity is ceiling, not observed use; jobs per Business not whole Building.","artifacts/visual-study/roof-proportions/daylight-near.tsv: draw_index 4, building_id 5"
G005,R01,tenancy_capacity,10,tenancies,documented,Deterministic reconstruction from recorded geometry + code,"Checkpoint sample, not new simulation. Output rounded to 0.001 m. Capacity is ceiling, not observed use; jobs per Business not whole Building.","artifacts/visual-study/roof-proportions/daylight-near.tsv: draw_index 4, building_id 5"
G005,R01,jobs_per_premised_business,9,jobs per Business,documented,Deterministic reconstruction from recorded geometry + code,"Checkpoint sample, not new simulation. Output rounded to 0.001 m. Capacity is ceiling, not observed use; jobs per Business not whole Building.","artifacts/visual-study/roof-proportions/daylight-near.tsv: draw_index 4, building_id 5"
G005,R01,roof_rise_m,3.278,m,documented,Recorded draw transform; unit wall/roof mesh,"Checkpoint sample, not new simulation. Output rounded to 0.001 m. Capacity is ceiling, not observed use; jobs per Business not whole Building.","artifacts/visual-study/roof-proportions/daylight-near.tsv: draw_index 4, building_id 5"
G005,R01,roof_pitch_degrees,27.962,degrees,documented,Deterministic reconstruction from recorded geometry + code,"Checkpoint sample, not new simulation. Output rounded to 0.001 m. Capacity is ceiling, not observed use; jobs per Business not whole Building.","artifacts/visual-study/roof-proportions/daylight-near.tsv: draw_index 4, building_id 5"
G006,R01,east_west_m,28.0,m,documented,Recorded draw transform; unit wall/roof mesh,"Checkpoint sample, not new simulation. Output rounded to 0.001 m. Capacity is ceiling, not observed use; jobs per Business not whole Building.","artifacts/visual-study/roof-proportions/daylight-near.tsv: draw_index 5, building_id 6"
G006,R01,south_north_m,28.0,m,documented,Recorded draw transform; unit wall/roof mesh,"Checkpoint sample, not new simulation. Output rounded to 0.001 m. Capacity is ceiling, not observed use; jobs per Business not whole Building.","artifacts/visual-study/roof-proportions/daylight-near.tsv: draw_index 5, building_id 6"
G006,R01,wall_m,7.0,m,documented,Recorded draw transform; unit wall/roof mesh,"Checkpoint sample, not new simulation. Output rounded to 0.001 m. Capacity is ceiling, not observed use; jobs per Business not whole Building.","artifacts/visual-study/roof-proportions/daylight-near.tsv: draw_index 5, building_id 6"
G006,R01,floor_m2,1568,m2,documented,Deterministic reconstruction from recorded geometry + code,"Checkpoint sample, not new simulation. Output rounded to 0.001 m. Capacity is ceiling, not observed use; jobs per Business not whole Building.","artifacts/visual-study/roof-proportions/daylight-near.tsv: draw_index 5, building_id 6"
G006,R01,tenancy_capacity,3,tenancies,documented,Deterministic reconstruction from recorded geometry + code,"Checkpoint sample, not new simulation. Output rounded to 0.001 m. Capacity is ceiling, not observed use; jobs per Business not whole Building.","artifacts/visual-study/roof-proportions/daylight-near.tsv: draw_index 5, building_id 6"
G006,R01,jobs_per_premised_business,10,jobs per Business,documented,Deterministic reconstruction from recorded geometry + code,"Checkpoint sample, not new simulation. Output rounded to 0.001 m. Capacity is ceiling, not observed use; jobs per Business not whole Building.","artifacts/visual-study/roof-proportions/daylight-near.tsv: draw_index 5, building_id 6"
G006,R01,roof_rise_m,4.406,m,documented,Recorded draw transform; unit wall/roof mesh,"Checkpoint sample, not new simulation. Output rounded to 0.001 m. Capacity is ceiling, not observed use; jobs per Business not whole Building.","artifacts/visual-study/roof-proportions/daylight-near.tsv: draw_index 5, building_id 6"
G006,R01,roof_pitch_degrees,31.553,degrees,documented,Deterministic reconstruction from recorded geometry + code,"Checkpoint sample, not new simulation. Output rounded to 0.001 m. Capacity is ceiling, not observed use; jobs per Business not whole Building.","artifacts/visual-study/roof-proportions/daylight-near.tsv: draw_index 5, building_id 6"
G007,R01,east_west_m,20.0,m,documented,Recorded draw transform; unit wall/roof mesh,"Checkpoint sample, not new simulation. Output rounded to 0.001 m. Capacity is ceiling, not observed use; jobs per Business not whole Building.","artifacts/visual-study/roof-proportions/daylight-near.tsv: draw_index 6, building_id 7"
G007,R01,south_north_m,28.0,m,documented,Recorded draw transform; unit wall/roof mesh,"Checkpoint sample, not new simulation. Output rounded to 0.001 m. Capacity is ceiling, not observed use; jobs per Business not whole Building.","artifacts/visual-study/roof-proportions/daylight-near.tsv: draw_index 6, building_id 7"
G007,R01,wall_m,10.5,m,documented,Recorded draw transform; unit wall/roof mesh,"Checkpoint sample, not new simulation. Output rounded to 0.001 m. Capacity is ceiling, not observed use; jobs per Business not whole Building.","artifacts/visual-study/roof-proportions/daylight-near.tsv: draw_index 6, building_id 7"
G007,R01,floor_m2,1680,m2,documented,Deterministic reconstruction from recorded geometry + code,"Checkpoint sample, not new simulation. Output rounded to 0.001 m. Capacity is ceiling, not observed use; jobs per Business not whole Building.","artifacts/visual-study/roof-proportions/daylight-near.tsv: draw_index 6, building_id 7"
G007,R01,tenancy_capacity,4,tenancies,documented,Deterministic reconstruction from recorded geometry + code,"Checkpoint sample, not new simulation. Output rounded to 0.001 m. Capacity is ceiling, not observed use; jobs per Business not whole Building.","artifacts/visual-study/roof-proportions/daylight-near.tsv: draw_index 6, building_id 7"
G007,R01,jobs_per_premised_business,8,jobs per Business,documented,Deterministic reconstruction from recorded geometry + code,"Checkpoint sample, not new simulation. Output rounded to 0.001 m. Capacity is ceiling, not observed use; jobs per Business not whole Building.","artifacts/visual-study/roof-proportions/daylight-near.tsv: draw_index 6, building_id 7"
G007,R01,roof_rise_m,3.382,m,documented,Recorded draw transform; unit wall/roof mesh,"Checkpoint sample, not new simulation. Output rounded to 0.001 m. Capacity is ceiling, not observed use; jobs per Business not whole Building.","artifacts/visual-study/roof-proportions/daylight-near.tsv: draw_index 6, building_id 7"
G007,R01,roof_pitch_degrees,33.166,degrees,documented,Deterministic reconstruction from recorded geometry + code,"Checkpoint sample, not new simulation. Output rounded to 0.001 m. Capacity is ceiling, not observed use; jobs per Business not whole Building.","artifacts/visual-study/roof-proportions/daylight-near.tsv: draw_index 6, building_id 7"
G008,R01,east_west_m,28.0,m,documented,Recorded draw transform; unit wall/roof mesh,"Checkpoint sample, not new simulation. Output rounded to 0.001 m. Capacity is ceiling, not observed use; jobs per Business not whole Building.","artifacts/visual-study/roof-proportions/daylight-near.tsv: draw_index 7, building_id 8"
G008,R01,south_north_m,60.0,m,documented,Recorded draw transform; unit wall/roof mesh,"Checkpoint sample, not new simulation. Output rounded to 0.001 m. Capacity is ceiling, not observed use; jobs per Business not whole Building.","artifacts/visual-study/roof-proportions/daylight-near.tsv: draw_index 7, building_id 8"
G008,R01,wall_m,7.0,m,documented,Recorded draw transform; unit wall/roof mesh,"Checkpoint sample, not new simulation. Output rounded to 0.001 m. Capacity is ceiling, not observed use; jobs per Business not whole Building.","artifacts/visual-study/roof-proportions/daylight-near.tsv: draw_index 7, building_id 8"
G008,R01,floor_m2,3360,m2,documented,Deterministic reconstruction from recorded geometry + code,"Checkpoint sample, not new simulation. Output rounded to 0.001 m. Capacity is ceiling, not observed use; jobs per Business not whole Building.","artifacts/visual-study/roof-proportions/daylight-near.tsv: draw_index 7, building_id 8"
G008,R01,tenancy_capacity,8,tenancies,documented,Deterministic reconstruction from recorded geometry + code,"Checkpoint sample, not new simulation. Output rounded to 0.001 m. Capacity is ceiling, not observed use; jobs per Business not whole Building.","artifacts/visual-study/roof-proportions/daylight-near.tsv: draw_index 7, building_id 8"
G008,R01,jobs_per_premised_business,8,jobs per Business,documented,Deterministic reconstruction from recorded geometry + code,"Checkpoint sample, not new simulation. Output rounded to 0.001 m. Capacity is ceiling, not observed use; jobs per Business not whole Building.","artifacts/visual-study/roof-proportions/daylight-near.tsv: draw_index 7, building_id 8"
G008,R01,roof_rise_m,3.945,m,documented,Recorded draw transform; unit wall/roof mesh,"Checkpoint sample, not new simulation. Output rounded to 0.001 m. Capacity is ceiling, not observed use; jobs per Business not whole Building.","artifacts/visual-study/roof-proportions/daylight-near.tsv: draw_index 7, building_id 8"
G008,R01,roof_pitch_degrees,28.803,degrees,documented,Deterministic reconstruction from recorded geometry + code,"Checkpoint sample, not new simulation. Output rounded to 0.001 m. Capacity is ceiling, not observed use; jobs per Business not whole Building.","artifacts/visual-study/roof-proportions/daylight-near.tsv: draw_index 7, building_id 8"
G009,R01,east_west_m,24.0,m,documented,Recorded draw transform; unit wall/roof mesh,"Checkpoint sample, not new simulation. Output rounded to 0.001 m. Capacity is ceiling, not observed use; jobs per Business not whole Building.","artifacts/visual-study/roof-proportions/daylight-near.tsv: draw_index 8, building_id 9"
G009,R01,south_north_m,20.0,m,documented,Recorded draw transform; unit wall/roof mesh,"Checkpoint sample, not new simulation. Output rounded to 0.001 m. Capacity is ceiling, not observed use; jobs per Business not whole Building.","artifacts/visual-study/roof-proportions/daylight-near.tsv: draw_index 8, building_id 9"
G009,R01,wall_m,7.0,m,documented,Recorded draw transform; unit wall/roof mesh,"Checkpoint sample, not new simulation. Output rounded to 0.001 m. Capacity is ceiling, not observed use; jobs per Business not whole Building.","artifacts/visual-study/roof-proportions/daylight-near.tsv: draw_index 8, building_id 9"
G009,R01,floor_m2,960,m2,documented,Deterministic reconstruction from recorded geometry + code,"Checkpoint sample, not new simulation. Output rounded to 0.001 m. Capacity is ceiling, not observed use; jobs per Business not whole Building.","artifacts/visual-study/roof-proportions/daylight-near.tsv: draw_index 8, building_id 9"
G009,R01,tenancy_capacity,2,tenancies,documented,Deterministic reconstruction from recorded geometry + code,"Checkpoint sample, not new simulation. Output rounded to 0.001 m. Capacity is ceiling, not observed use; jobs per Business not whole Building.","artifacts/visual-study/roof-proportions/daylight-near.tsv: draw_index 8, building_id 9"
G009,R01,jobs_per_premised_business,10,jobs per Business,documented,Deterministic reconstruction from recorded geometry + code,"Checkpoint sample, not new simulation. Output rounded to 0.001 m. Capacity is ceiling, not observed use; jobs per Business not whole Building.","artifacts/visual-study/roof-proportions/daylight-near.tsv: draw_index 8, building_id 9"
G009,R01,roof_rise_m,2.822,m,documented,Recorded draw transform; unit wall/roof mesh,"Checkpoint sample, not new simulation. Output rounded to 0.001 m. Capacity is ceiling, not observed use; jobs per Business not whole Building.","artifacts/visual-study/roof-proportions/daylight-near.tsv: draw_index 8, building_id 9"
G009,R01,roof_pitch_degrees,28.604,degrees,documented,Deterministic reconstruction from recorded geometry + code,"Checkpoint sample, not new simulation. Output rounded to 0.001 m. Capacity is ceiling, not observed use; jobs per Business not whole Building.","artifacts/visual-study/roof-proportions/daylight-near.tsv: draw_index 8, building_id 9"
G010,R01,east_west_m,28.0,m,documented,Recorded draw transform; unit wall/roof mesh,"Checkpoint sample, not new simulation. Output rounded to 0.001 m. Capacity is ceiling, not observed use; jobs per Business not whole Building.","artifacts/visual-study/roof-proportions/daylight-near.tsv: draw_index 9, building_id 10"
G010,R01,south_north_m,20.0,m,documented,Recorded draw transform; unit wall/roof mesh,"Checkpoint sample, not new simulation. Output rounded to 0.001 m. Capacity is ceiling, not observed use; jobs per Business not whole Building.","artifacts/visual-study/roof-proportions/daylight-near.tsv: draw_index 9, building_id 10"
G010,R01,wall_m,10.5,m,documented,Recorded draw transform; unit wall/roof mesh,"Checkpoint sample, not new simulation. Output rounded to 0.001 m. Capacity is ceiling, not observed use; jobs per Business not whole Building.","artifacts/visual-study/roof-proportions/daylight-near.tsv: draw_index 9, building_id 10"
G010,R01,floor_m2,1680,m2,documented,Deterministic reconstruction from recorded geometry + code,"Checkpoint sample, not new simulation. Output rounded to 0.001 m. Capacity is ceiling, not observed use; jobs per Business not whole Building.","artifacts/visual-study/roof-proportions/daylight-near.tsv: draw_index 9, building_id 10"
G010,R01,tenancy_capacity,4,tenancies,documented,Deterministic reconstruction from recorded geometry + code,"Checkpoint sample, not new simulation. Output rounded to 0.001 m. Capacity is ceiling, not observed use; jobs per Business not whole Building.","artifacts/visual-study/roof-proportions/daylight-near.tsv: draw_index 9, building_id 10"
G010,R01,jobs_per_premised_business,8,jobs per Business,documented,Deterministic reconstruction from recorded geometry + code,"Checkpoint sample, not new simulation. Output rounded to 0.001 m. Capacity is ceiling, not observed use; jobs per Business not whole Building.","artifacts/visual-study/roof-proportions/daylight-near.tsv: draw_index 9, building_id 10"
G010,R01,roof_rise_m,2.571,m,documented,Recorded draw transform; unit wall/roof mesh,"Checkpoint sample, not new simulation. Output rounded to 0.001 m. Capacity is ceiling, not observed use; jobs per Business not whole Building.","artifacts/visual-study/roof-proportions/daylight-near.tsv: draw_index 9, building_id 10"
G010,R01,roof_pitch_degrees,26.419,degrees,documented,Deterministic reconstruction from recorded geometry + code,"Checkpoint sample, not new simulation. Output rounded to 0.001 m. Capacity is ceiling, not observed use; jobs per Business not whole Building.","artifacts/visual-study/roof-proportions/daylight-near.tsv: draw_index 9, building_id 10"
G011,R01,east_west_m,20.0,m,documented,Recorded draw transform; unit wall/roof mesh,"Checkpoint sample, not new simulation. Output rounded to 0.001 m. Capacity is ceiling, not observed use; jobs per Business not whole Building.","artifacts/visual-study/roof-proportions/daylight-near.tsv: draw_index 10, building_id 11"
G011,R01,south_north_m,28.0,m,documented,Recorded draw transform; unit wall/roof mesh,"Checkpoint sample, not new simulation. Output rounded to 0.001 m. Capacity is ceiling, not observed use; jobs per Business not whole Building.","artifacts/visual-study/roof-proportions/daylight-near.tsv: draw_index 10, building_id 11"
G011,R01,wall_m,7.0,m,documented,Recorded draw transform; unit wall/roof mesh,"Checkpoint sample, not new simulation. Output rounded to 0.001 m. Capacity is ceiling, not observed use; jobs per Business not whole Building.","artifacts/visual-study/roof-proportions/daylight-near.tsv: draw_index 10, building_id 11"
G011,R01,floor_m2,1120,m2,documented,Deterministic reconstruction from recorded geometry + code,"Checkpoint sample, not new simulation. Output rounded to 0.001 m. Capacity is ceiling, not observed use; jobs per Business not whole Building.","artifacts/visual-study/roof-proportions/daylight-near.tsv: draw_index 10, building_id 11"
G011,R01,tenancy_capacity,2,tenancies,documented,Deterministic reconstruction from recorded geometry + code,"Checkpoint sample, not new simulation. Output rounded to 0.001 m. Capacity is ceiling, not observed use; jobs per Business not whole Building.","artifacts/visual-study/roof-proportions/daylight-near.tsv: draw_index 10, building_id 11"
G011,R01,jobs_per_premised_business,11,jobs per Business,documented,Deterministic reconstruction from recorded geometry + code,"Checkpoint sample, not new simulation. Output rounded to 0.001 m. Capacity is ceiling, not observed use; jobs per Business not whole Building.","artifacts/visual-study/roof-proportions/daylight-near.tsv: draw_index 10, building_id 11"
G011,R01,roof_rise_m,2.892,m,documented,Recorded draw transform; unit wall/roof mesh,"Checkpoint sample, not new simulation. Output rounded to 0.001 m. Capacity is ceiling, not observed use; jobs per Business not whole Building.","artifacts/visual-study/roof-proportions/daylight-near.tsv: draw_index 10, building_id 11"
G011,R01,roof_pitch_degrees,29.198,degrees,documented,Deterministic reconstruction from recorded geometry + code,"Checkpoint sample, not new simulation. Output rounded to 0.001 m. Capacity is ceiling, not observed use; jobs per Business not whole Building.","artifacts/visual-study/roof-proportions/daylight-near.tsv: draw_index 10, building_id 11"
G012,R01,east_west_m,24.0,m,documented,Recorded draw transform; unit wall/roof mesh,"Checkpoint sample, not new simulation. Output rounded to 0.001 m. Capacity is ceiling, not observed use; jobs per Business not whole Building.","artifacts/visual-study/roof-proportions/daylight-near.tsv: draw_index 11, building_id 12"
G012,R01,south_north_m,32.0,m,documented,Recorded draw transform; unit wall/roof mesh,"Checkpoint sample, not new simulation. Output rounded to 0.001 m. Capacity is ceiling, not observed use; jobs per Business not whole Building.","artifacts/visual-study/roof-proportions/daylight-near.tsv: draw_index 11, building_id 12"
G012,R01,wall_m,7.0,m,documented,Recorded draw transform; unit wall/roof mesh,"Checkpoint sample, not new simulation. Output rounded to 0.001 m. Capacity is ceiling, not observed use; jobs per Business not whole Building.","artifacts/visual-study/roof-proportions/daylight-near.tsv: draw_index 11, building_id 12"
G012,R01,floor_m2,1536,m2,documented,Deterministic reconstruction from recorded geometry + code,"Checkpoint sample, not new simulation. Output rounded to 0.001 m. Capacity is ceiling, not observed use; jobs per Business not whole Building.","artifacts/visual-study/roof-proportions/daylight-near.tsv: draw_index 11, building_id 12"
G012,R01,tenancy_capacity,3,tenancies,documented,Deterministic reconstruction from recorded geometry + code,"Checkpoint sample, not new simulation. Output rounded to 0.001 m. Capacity is ceiling, not observed use; jobs per Business not whole Building.","artifacts/visual-study/roof-proportions/daylight-near.tsv: draw_index 11, building_id 12"
G012,R01,jobs_per_premised_business,10,jobs per Business,documented,Deterministic reconstruction from recorded geometry + code,"Checkpoint sample, not new simulation. Output rounded to 0.001 m. Capacity is ceiling, not observed use; jobs per Business not whole Building.","artifacts/visual-study/roof-proportions/daylight-near.tsv: draw_index 11, building_id 12"
G012,R01,roof_rise_m,4.172,m,documented,Recorded draw transform; unit wall/roof mesh,"Checkpoint sample, not new simulation. Output rounded to 0.001 m. Capacity is ceiling, not observed use; jobs per Business not whole Building.","artifacts/visual-study/roof-proportions/daylight-near.tsv: draw_index 11, building_id 12"
G012,R01,roof_pitch_degrees,34.044,degrees,documented,Deterministic reconstruction from recorded geometry + code,"Checkpoint sample, not new simulation. Output rounded to 0.001 m. Capacity is ceiling, not observed use; jobs per Business not whole Building.","artifacts/visual-study/roof-proportions/daylight-near.tsv: draw_index 11, building_id 12"
G013,R01,east_west_m,32.0,m,documented,Recorded draw transform; unit wall/roof mesh,"Checkpoint sample, not new simulation. Output rounded to 0.001 m. Capacity is ceiling, not observed use; jobs per Business not whole Building.","artifacts/visual-study/roof-proportions/daylight-near.tsv: draw_index 12, building_id 13"
G013,R01,south_north_m,20.0,m,documented,Recorded draw transform; unit wall/roof mesh,"Checkpoint sample, not new simulation. Output rounded to 0.001 m. Capacity is ceiling, not observed use; jobs per Business not whole Building.","artifacts/visual-study/roof-proportions/daylight-near.tsv: draw_index 12, building_id 13"
G013,R01,wall_m,7.0,m,documented,Recorded draw transform; unit wall/roof mesh,"Checkpoint sample, not new simulation. Output rounded to 0.001 m. Capacity is ceiling, not observed use; jobs per Business not whole Building.","artifacts/visual-study/roof-proportions/daylight-near.tsv: draw_index 12, building_id 13"
G013,R01,floor_m2,1280,m2,documented,Deterministic reconstruction from recorded geometry + code,"Checkpoint sample, not new simulation. Output rounded to 0.001 m. Capacity is ceiling, not observed use; jobs per Business not whole Building.","artifacts/visual-study/roof-proportions/daylight-near.tsv: draw_index 12, building_id 13"
G013,R01,tenancy_capacity,3,tenancies,documented,Deterministic reconstruction from recorded geometry + code,"Checkpoint sample, not new simulation. Output rounded to 0.001 m. Capacity is ceiling, not observed use; jobs per Business not whole Building.","artifacts/visual-study/roof-proportions/daylight-near.tsv: draw_index 12, building_id 13"
G013,R01,jobs_per_premised_business,8,jobs per Business,documented,Deterministic reconstruction from recorded geometry + code,"Checkpoint sample, not new simulation. Output rounded to 0.001 m. Capacity is ceiling, not observed use; jobs per Business not whole Building.","artifacts/visual-study/roof-proportions/daylight-near.tsv: draw_index 12, building_id 13"
G013,R01,roof_rise_m,2.716,m,documented,Recorded draw transform; unit wall/roof mesh,"Checkpoint sample, not new simulation. Output rounded to 0.001 m. Capacity is ceiling, not observed use; jobs per Business not whole Building.","artifacts/visual-study/roof-proportions/daylight-near.tsv: draw_index 12, building_id 13"
G013,R01,roof_pitch_degrees,27.692,degrees,documented,Deterministic reconstruction from recorded geometry + code,"Checkpoint sample, not new simulation. Output rounded to 0.001 m. Capacity is ceiling, not observed use; jobs per Business not whole Building.","artifacts/visual-study/roof-proportions/daylight-near.tsv: draw_index 12, building_id 13"
G014,R01,east_west_m,36.0,m,documented,Recorded draw transform; unit wall/roof mesh,"Checkpoint sample, not new simulation. Output rounded to 0.001 m. Capacity is ceiling, not observed use; jobs per Business not whole Building.","artifacts/visual-study/roof-proportions/daylight-near.tsv: draw_index 13, building_id 14"
G014,R01,south_north_m,16.0,m,documented,Recorded draw transform; unit wall/roof mesh,"Checkpoint sample, not new simulation. Output rounded to 0.001 m. Capacity is ceiling, not observed use; jobs per Business not whole Building.","artifacts/visual-study/roof-proportions/daylight-near.tsv: draw_index 13, building_id 14"
G014,R01,wall_m,7.0,m,documented,Recorded draw transform; unit wall/roof mesh,"Checkpoint sample, not new simulation. Output rounded to 0.001 m. Capacity is ceiling, not observed use; jobs per Business not whole Building.","artifacts/visual-study/roof-proportions/daylight-near.tsv: draw_index 13, building_id 14"
G014,R01,floor_m2,1152,m2,documented,Deterministic reconstruction from recorded geometry + code,"Checkpoint sample, not new simulation. Output rounded to 0.001 m. Capacity is ceiling, not observed use; jobs per Business not whole Building.","artifacts/visual-study/roof-proportions/daylight-near.tsv: draw_index 13, building_id 14"
G014,R01,tenancy_capacity,2,tenancies,documented,Deterministic reconstruction from recorded geometry + code,"Checkpoint sample, not new simulation. Output rounded to 0.001 m. Capacity is ceiling, not observed use; jobs per Business not whole Building.","artifacts/visual-study/roof-proportions/daylight-near.tsv: draw_index 13, building_id 14"
G014,R01,jobs_per_premised_business,12,jobs per Business,documented,Deterministic reconstruction from recorded geometry + code,"Checkpoint sample, not new simulation. Output rounded to 0.001 m. Capacity is ceiling, not observed use; jobs per Business not whole Building.","artifacts/visual-study/roof-proportions/daylight-near.tsv: draw_index 13, building_id 14"
G014,R01,roof_rise_m,4.5,m,documented,Recorded draw transform; unit wall/roof mesh,"Checkpoint sample, not new simulation. Output rounded to 0.001 m. Capacity is ceiling, not observed use; jobs per Business not whole Building.","artifacts/visual-study/roof-proportions/daylight-near.tsv: draw_index 13, building_id 14"
G014,R01,roof_pitch_degrees,28.321,degrees,documented,Deterministic reconstruction from recorded geometry + code,"Checkpoint sample, not new simulation. Output rounded to 0.001 m. Capacity is ceiling, not observed use; jobs per Business not whole Building.","artifacts/visual-study/roof-proportions/daylight-near.tsv: draw_index 13, building_id 14"
G015,R01,east_west_m,20.0,m,documented,Recorded draw transform; unit wall/roof mesh,"Checkpoint sample, not new simulation. Output rounded to 0.001 m. Capacity is ceiling, not observed use; jobs per Business not whole Building.","artifacts/visual-study/roof-proportions/daylight-near.tsv: draw_index 14, building_id 15"
G015,R01,south_north_m,20.0,m,documented,Recorded draw transform; unit wall/roof mesh,"Checkpoint sample, not new simulation. Output rounded to 0.001 m. Capacity is ceiling, not observed use; jobs per Business not whole Building.","artifacts/visual-study/roof-proportions/daylight-near.tsv: draw_index 14, building_id 15"
G015,R01,wall_m,10.5,m,documented,Recorded draw transform; unit wall/roof mesh,"Checkpoint sample, not new simulation. Output rounded to 0.001 m. Capacity is ceiling, not observed use; jobs per Business not whole Building.","artifacts/visual-study/roof-proportions/daylight-near.tsv: draw_index 14, building_id 15"
G015,R01,floor_m2,1200,m2,documented,Deterministic reconstruction from recorded geometry + code,"Checkpoint sample, not new simulation. Output rounded to 0.001 m. Capacity is ceiling, not observed use; jobs per Business not whole Building.","artifacts/visual-study/roof-proportions/daylight-near.tsv: draw_index 14, building_id 15"
G015,R01,tenancy_capacity,3,tenancies,documented,Deterministic reconstruction from recorded geometry + code,"Checkpoint sample, not new simulation. Output rounded to 0.001 m. Capacity is ceiling, not observed use; jobs per Business not whole Building.","artifacts/visual-study/roof-proportions/daylight-near.tsv: draw_index 14, building_id 15"
G015,R01,jobs_per_premised_business,8,jobs per Business,documented,Deterministic reconstruction from recorded geometry + code,"Checkpoint sample, not new simulation. Output rounded to 0.001 m. Capacity is ceiling, not observed use; jobs per Business not whole Building.","artifacts/visual-study/roof-proportions/daylight-near.tsv: draw_index 14, building_id 15"
G015,R01,roof_rise_m,3.076,m,documented,Recorded draw transform; unit wall/roof mesh,"Checkpoint sample, not new simulation. Output rounded to 0.001 m. Capacity is ceiling, not observed use; jobs per Business not whole Building.","artifacts/visual-study/roof-proportions/daylight-near.tsv: draw_index 14, building_id 15"
G015,R01,roof_pitch_degrees,30.727,degrees,documented,Deterministic reconstruction from recorded geometry + code,"Checkpoint sample, not new simulation. Output rounded to 0.001 m. Capacity is ceiling, not observed use; jobs per Business not whole Building.","artifacts/visual-study/roof-proportions/daylight-near.tsv: draw_index 14, building_id 15"
G016,R01,east_west_m,40.0,m,documented,Recorded draw transform; unit wall/roof mesh,"Checkpoint sample, not new simulation. Output rounded to 0.001 m. Capacity is ceiling, not observed use; jobs per Business not whole Building.","artifacts/visual-study/roof-proportions/daylight-near.tsv: draw_index 15, building_id 16"
G016,R01,south_north_m,24.0,m,documented,Recorded draw transform; unit wall/roof mesh,"Checkpoint sample, not new simulation. Output rounded to 0.001 m. Capacity is ceiling, not observed use; jobs per Business not whole Building.","artifacts/visual-study/roof-proportions/daylight-near.tsv: draw_index 15, building_id 16"
G016,R01,wall_m,10.5,m,documented,Recorded draw transform; unit wall/roof mesh,"Checkpoint sample, not new simulation. Output rounded to 0.001 m. Capacity is ceiling, not observed use; jobs per Business not whole Building.","artifacts/visual-study/roof-proportions/daylight-near.tsv: draw_index 15, building_id 16"
G016,R01,floor_m2,2880,m2,documented,Deterministic reconstruction from recorded geometry + code,"Checkpoint sample, not new simulation. Output rounded to 0.001 m. Capacity is ceiling, not observed use; jobs per Business not whole Building.","artifacts/visual-study/roof-proportions/daylight-near.tsv: draw_index 15, building_id 16"
G016,R01,tenancy_capacity,7,tenancies,documented,Deterministic reconstruction from recorded geometry + code,"Checkpoint sample, not new simulation. Output rounded to 0.001 m. Capacity is ceiling, not observed use; jobs per Business not whole Building.","artifacts/visual-study/roof-proportions/daylight-near.tsv: draw_index 15, building_id 16"
G016,R01,jobs_per_premised_business,8,jobs per Business,documented,Deterministic reconstruction from recorded geometry + code,"Checkpoint sample, not new simulation. Output rounded to 0.001 m. Capacity is ceiling, not observed use; jobs per Business not whole Building.","artifacts/visual-study/roof-proportions/daylight-near.tsv: draw_index 15, building_id 16"
G016,R01,roof_rise_m,3.631,m,documented,Recorded draw transform; unit wall/roof mesh,"Checkpoint sample, not new simulation. Output rounded to 0.001 m. Capacity is ceiling, not observed use; jobs per Business not whole Building.","artifacts/visual-study/roof-proportions/daylight-near.tsv: draw_index 15, building_id 16"
G016,R01,roof_pitch_degrees,30.456,degrees,documented,Deterministic reconstruction from recorded geometry + code,"Checkpoint sample, not new simulation. Output rounded to 0.001 m. Capacity is ceiling, not observed use; jobs per Business not whole Building.","artifacts/visual-study/roof-proportions/daylight-near.tsv: draw_index 15, building_id 16"
G017,R01,east_west_m,32.0,m,documented,Recorded draw transform; unit wall/roof mesh,"Checkpoint sample, not new simulation. Output rounded to 0.001 m. Capacity is ceiling, not observed use; jobs per Business not whole Building.","artifacts/visual-study/roof-proportions/daylight-near.tsv: draw_index 16, building_id 17"
G017,R01,south_north_m,16.0,m,documented,Recorded draw transform; unit wall/roof mesh,"Checkpoint sample, not new simulation. Output rounded to 0.001 m. Capacity is ceiling, not observed use; jobs per Business not whole Building.","artifacts/visual-study/roof-proportions/daylight-near.tsv: draw_index 16, building_id 17"
G017,R01,wall_m,10.5,m,documented,Recorded draw transform; unit wall/roof mesh,"Checkpoint sample, not new simulation. Output rounded to 0.001 m. Capacity is ceiling, not observed use; jobs per Business not whole Building.","artifacts/visual-study/roof-proportions/daylight-near.tsv: draw_index 16, building_id 17"
G017,R01,floor_m2,1536,m2,documented,Deterministic reconstruction from recorded geometry + code,"Checkpoint sample, not new simulation. Output rounded to 0.001 m. Capacity is ceiling, not observed use; jobs per Business not whole Building.","artifacts/visual-study/roof-proportions/daylight-near.tsv: draw_index 16, building_id 17"
G017,R01,tenancy_capacity,3,tenancies,documented,Deterministic reconstruction from recorded geometry + code,"Checkpoint sample, not new simulation. Output rounded to 0.001 m. Capacity is ceiling, not observed use; jobs per Business not whole Building.","artifacts/visual-study/roof-proportions/daylight-near.tsv: draw_index 16, building_id 17"
G017,R01,jobs_per_premised_business,10,jobs per Business,documented,Deterministic reconstruction from recorded geometry + code,"Checkpoint sample, not new simulation. Output rounded to 0.001 m. Capacity is ceiling, not observed use; jobs per Business not whole Building.","artifacts/visual-study/roof-proportions/daylight-near.tsv: draw_index 16, building_id 17"
G017,R01,roof_rise_m,4.5,m,documented,Recorded draw transform; unit wall/roof mesh,"Checkpoint sample, not new simulation. Output rounded to 0.001 m. Capacity is ceiling, not observed use; jobs per Business not whole Building.","artifacts/visual-study/roof-proportions/daylight-near.tsv: draw_index 16, building_id 17"
G017,R01,roof_pitch_degrees,28.321,degrees,documented,Deterministic reconstruction from recorded geometry + code,"Checkpoint sample, not new simulation. Output rounded to 0.001 m. Capacity is ceiling, not observed use; jobs per Business not whole Building.","artifacts/visual-study/roof-proportions/daylight-near.tsv: draw_index 16, building_id 17"
G018,R01,east_west_m,32.0,m,documented,Recorded draw transform; unit wall/roof mesh,"Checkpoint sample, not new simulation. Output rounded to 0.001 m. Capacity is ceiling, not observed use; jobs per Business not whole Building.","artifacts/visual-study/roof-proportions/daylight-near.tsv: draw_index 17, building_id 18"
G018,R01,south_north_m,20.0,m,documented,Recorded draw transform; unit wall/roof mesh,"Checkpoint sample, not new simulation. Output rounded to 0.001 m. Capacity is ceiling, not observed use; jobs per Business not whole Building.","artifacts/visual-study/roof-proportions/daylight-near.tsv: draw_index 17, building_id 18"
G018,R01,wall_m,10.5,m,documented,Recorded draw transform; unit wall/roof mesh,"Checkpoint sample, not new simulation. Output rounded to 0.001 m. Capacity is ceiling, not observed use; jobs per Business not whole Building.","artifacts/visual-study/roof-proportions/daylight-near.tsv: draw_index 17, building_id 18"
G018,R01,floor_m2,1920,m2,documented,Deterministic reconstruction from recorded geometry + code,"Checkpoint sample, not new simulation. Output rounded to 0.001 m. Capacity is ceiling, not observed use; jobs per Business not whole Building.","artifacts/visual-study/roof-proportions/daylight-near.tsv: draw_index 17, building_id 18"
G018,R01,tenancy_capacity,4,tenancies,documented,Deterministic reconstruction from recorded geometry + code,"Checkpoint sample, not new simulation. Output rounded to 0.001 m. Capacity is ceiling, not observed use; jobs per Business not whole Building.","artifacts/visual-study/roof-proportions/daylight-near.tsv: draw_index 17, building_id 18"
G018,R01,jobs_per_premised_business,10,jobs per Business,documented,Deterministic reconstruction from recorded geometry + code,"Checkpoint sample, not new simulation. Output rounded to 0.001 m. Capacity is ceiling, not observed use; jobs per Business not whole Building.","artifacts/visual-study/roof-proportions/daylight-near.tsv: draw_index 17, building_id 18"
G018,R01,roof_rise_m,3.202,m,documented,Recorded draw transform; unit wall/roof mesh,"Checkpoint sample, not new simulation. Output rounded to 0.001 m. Capacity is ceiling, not observed use; jobs per Business not whole Building.","artifacts/visual-study/roof-proportions/daylight-near.tsv: draw_index 17, building_id 18"
G018,R01,roof_pitch_degrees,31.747,degrees,documented,Deterministic reconstruction from recorded geometry + code,"Checkpoint sample, not new simulation. Output rounded to 0.001 m. Capacity is ceiling, not observed use; jobs per Business not whole Building.","artifacts/visual-study/roof-proportions/daylight-near.tsv: draw_index 17, building_id 18"
G019,R01,east_west_m,28.0,m,documented,Recorded draw transform; unit wall/roof mesh,"Checkpoint sample, not new simulation. Output rounded to 0.001 m. Capacity is ceiling, not observed use; jobs per Business not whole Building.","artifacts/visual-study/roof-proportions/daylight-near.tsv: draw_index 18, building_id 19"
G019,R01,south_north_m,16.0,m,documented,Recorded draw transform; unit wall/roof mesh,"Checkpoint sample, not new simulation. Output rounded to 0.001 m. Capacity is ceiling, not observed use; jobs per Business not whole Building.","artifacts/visual-study/roof-proportions/daylight-near.tsv: draw_index 18, building_id 19"
G019,R01,wall_m,10.5,m,documented,Recorded draw transform; unit wall/roof mesh,"Checkpoint sample, not new simulation. Output rounded to 0.001 m. Capacity is ceiling, not observed use; jobs per Business not whole Building.","artifacts/visual-study/roof-proportions/daylight-near.tsv: draw_index 18, building_id 19"
G019,R01,floor_m2,1344,m2,documented,Deterministic reconstruction from recorded geometry + code,"Checkpoint sample, not new simulation. Output rounded to 0.001 m. Capacity is ceiling, not observed use; jobs per Business not whole Building.","artifacts/visual-study/roof-proportions/daylight-near.tsv: draw_index 18, building_id 19"
G019,R01,tenancy_capacity,3,tenancies,documented,Deterministic reconstruction from recorded geometry + code,"Checkpoint sample, not new simulation. Output rounded to 0.001 m. Capacity is ceiling, not observed use; jobs per Business not whole Building.","artifacts/visual-study/roof-proportions/daylight-near.tsv: draw_index 18, building_id 19"
G019,R01,jobs_per_premised_business,9,jobs per Business,documented,Deterministic reconstruction from recorded geometry + code,"Checkpoint sample, not new simulation. Output rounded to 0.001 m. Capacity is ceiling, not observed use; jobs per Business not whole Building.","artifacts/visual-study/roof-proportions/daylight-near.tsv: draw_index 18, building_id 19"
G019,R01,roof_rise_m,4.5,m,documented,Recorded draw transform; unit wall/roof mesh,"Checkpoint sample, not new simulation. Output rounded to 0.001 m. Capacity is ceiling, not observed use; jobs per Business not whole Building.","artifacts/visual-study/roof-proportions/daylight-near.tsv: draw_index 18, building_id 19"
G019,R01,roof_pitch_degrees,28.321,degrees,documented,Deterministic reconstruction from recorded geometry + code,"Checkpoint sample, not new simulation. Output rounded to 0.001 m. Capacity is ceiling, not observed use; jobs per Business not whole Building.","artifacts/visual-study/roof-proportions/daylight-near.tsv: draw_index 18, building_id 19"
G020,R01,east_west_m,40.0,m,documented,Recorded draw transform; unit wall/roof mesh,"Checkpoint sample, not new simulation. Output rounded to 0.001 m. Capacity is ceiling, not observed use; jobs per Business not whole Building.","artifacts/visual-study/roof-proportions/daylight-near.tsv: draw_index 19, building_id 20"
G020,R01,south_north_m,28.0,m,documented,Recorded draw transform; unit wall/roof mesh,"Checkpoint sample, not new simulation. Output rounded to 0.001 m. Capacity is ceiling, not observed use; jobs per Business not whole Building.","artifacts/visual-study/roof-proportions/daylight-near.tsv: draw_index 19, building_id 20"
G020,R01,wall_m,10.5,m,documented,Recorded draw transform; unit wall/roof mesh,"Checkpoint sample, not new simulation. Output rounded to 0.001 m. Capacity is ceiling, not observed use; jobs per Business not whole Building.","artifacts/visual-study/roof-proportions/daylight-near.tsv: draw_index 19, building_id 20"
G020,R01,floor_m2,3360,m2,documented,Deterministic reconstruction from recorded geometry + code,"Checkpoint sample, not new simulation. Output rounded to 0.001 m. Capacity is ceiling, not observed use; jobs per Business not whole Building.","artifacts/visual-study/roof-proportions/daylight-near.tsv: draw_index 19, building_id 20"
G020,R01,tenancy_capacity,8,tenancies,documented,Deterministic reconstruction from recorded geometry + code,"Checkpoint sample, not new simulation. Output rounded to 0.001 m. Capacity is ceiling, not observed use; jobs per Business not whole Building.","artifacts/visual-study/roof-proportions/daylight-near.tsv: draw_index 19, building_id 20"
G020,R01,jobs_per_premised_business,8,jobs per Business,documented,Deterministic reconstruction from recorded geometry + code,"Checkpoint sample, not new simulation. Output rounded to 0.001 m. Capacity is ceiling, not observed use; jobs per Business not whole Building.","artifacts/visual-study/roof-proportions/daylight-near.tsv: draw_index 19, building_id 20"
G020,R01,roof_rise_m,3.989,m,documented,Recorded draw transform; unit wall/roof mesh,"Checkpoint sample, not new simulation. Output rounded to 0.001 m. Capacity is ceiling, not observed use; jobs per Business not whole Building.","artifacts/visual-study/roof-proportions/daylight-near.tsv: draw_index 19, building_id 20"
G020,R01,roof_pitch_degrees,29.072,degrees,documented,Deterministic reconstruction from recorded geometry + code,"Checkpoint sample, not new simulation. Output rounded to 0.001 m. Capacity is ceiling, not observed use; jobs per Business not whole Building.","artifacts/visual-study/roof-proportions/daylight-near.tsv: draw_index 19, building_id 20"
G021,R01,east_west_m,28.0,m,documented,Recorded draw transform; unit wall/roof mesh,"Checkpoint sample, not new simulation. Output rounded to 0.001 m. Capacity is ceiling, not observed use; jobs per Business not whole Building.","artifacts/visual-study/roof-proportions/daylight-near.tsv: draw_index 20, building_id 21"
G021,R01,south_north_m,20.0,m,documented,Recorded draw transform; unit wall/roof mesh,"Checkpoint sample, not new simulation. Output rounded to 0.001 m. Capacity is ceiling, not observed use; jobs per Business not whole Building.","artifacts/visual-study/roof-proportions/daylight-near.tsv: draw_index 20, building_id 21"
G021,R01,wall_m,10.5,m,documented,Recorded draw transform; unit wall/roof mesh,"Checkpoint sample, not new simulation. Output rounded to 0.001 m. Capacity is ceiling, not observed use; jobs per Business not whole Building.","artifacts/visual-study/roof-proportions/daylight-near.tsv: draw_index 20, building_id 21"
G021,R01,floor_m2,1680,m2,documented,Deterministic reconstruction from recorded geometry + code,"Checkpoint sample, not new simulation. Output rounded to 0.001 m. Capacity is ceiling, not observed use; jobs per Business not whole Building.","artifacts/visual-study/roof-proportions/daylight-near.tsv: draw_index 20, building_id 21"
G021,R01,tenancy_capacity,4,tenancies,documented,Deterministic reconstruction from recorded geometry + code,"Checkpoint sample, not new simulation. Output rounded to 0.001 m. Capacity is ceiling, not observed use; jobs per Business not whole Building.","artifacts/visual-study/roof-proportions/daylight-near.tsv: draw_index 20, building_id 21"
G021,R01,jobs_per_premised_business,8,jobs per Business,documented,Deterministic reconstruction from recorded geometry + code,"Checkpoint sample, not new simulation. Output rounded to 0.001 m. Capacity is ceiling, not observed use; jobs per Business not whole Building.","artifacts/visual-study/roof-proportions/daylight-near.tsv: draw_index 20, building_id 21"
G021,R01,roof_rise_m,2.539,m,documented,Recorded draw transform; unit wall/roof mesh,"Checkpoint sample, not new simulation. Output rounded to 0.001 m. Capacity is ceiling, not observed use; jobs per Business not whole Building.","artifacts/visual-study/roof-proportions/daylight-near.tsv: draw_index 20, building_id 21"
G021,R01,roof_pitch_degrees,26.134,degrees,documented,Deterministic reconstruction from recorded geometry + code,"Checkpoint sample, not new simulation. Output rounded to 0.001 m. Capacity is ceiling, not observed use; jobs per Business not whole Building.","artifacts/visual-study/roof-proportions/daylight-near.tsv: draw_index 20, building_id 21"
G022,R01,east_west_m,52.0,m,documented,Recorded draw transform; unit wall/roof mesh,"Checkpoint sample, not new simulation. Output rounded to 0.001 m. Capacity is ceiling, not observed use; jobs per Business not whole Building.","artifacts/visual-study/roof-proportions/daylight-near.tsv: draw_index 21, building_id 22"
G022,R01,south_north_m,20.0,m,documented,Recorded draw transform; unit wall/roof mesh,"Checkpoint sample, not new simulation. Output rounded to 0.001 m. Capacity is ceiling, not observed use; jobs per Business not whole Building.","artifacts/visual-study/roof-proportions/daylight-near.tsv: draw_index 21, building_id 22"
G022,R01,wall_m,10.5,m,documented,Recorded draw transform; unit wall/roof mesh,"Checkpoint sample, not new simulation. Output rounded to 0.001 m. Capacity is ceiling, not observed use; jobs per Business not whole Building.","artifacts/visual-study/roof-proportions/daylight-near.tsv: draw_index 21, building_id 22"
G022,R01,floor_m2,3120,m2,documented,Deterministic reconstruction from recorded geometry + code,"Checkpoint sample, not new simulation. Output rounded to 0.001 m. Capacity is ceiling, not observed use; jobs per Business not whole Building.","artifacts/visual-study/roof-proportions/daylight-near.tsv: draw_index 21, building_id 22"
G022,R01,tenancy_capacity,7,tenancies,documented,Deterministic reconstruction from recorded geometry + code,"Checkpoint sample, not new simulation. Output rounded to 0.001 m. Capacity is ceiling, not observed use; jobs per Business not whole Building.","artifacts/visual-study/roof-proportions/daylight-near.tsv: draw_index 21, building_id 22"
G022,R01,jobs_per_premised_business,9,jobs per Business,documented,Deterministic reconstruction from recorded geometry + code,"Checkpoint sample, not new simulation. Output rounded to 0.001 m. Capacity is ceiling, not observed use; jobs per Business not whole Building.","artifacts/visual-study/roof-proportions/daylight-near.tsv: draw_index 21, building_id 22"
G022,R01,roof_rise_m,3.378,m,documented,Recorded draw transform; unit wall/roof mesh,"Checkpoint sample, not new simulation. Output rounded to 0.001 m. Capacity is ceiling, not observed use; jobs per Business not whole Building.","artifacts/visual-study/roof-proportions/daylight-near.tsv: draw_index 21, building_id 22"
G022,R01,roof_pitch_degrees,33.135,degrees,documented,Deterministic reconstruction from recorded geometry + code,"Checkpoint sample, not new simulation. Output rounded to 0.001 m. Capacity is ceiling, not observed use; jobs per Business not whole Building.","artifacts/visual-study/roof-proportions/daylight-near.tsv: draw_index 21, building_id 22"
G023,R01,east_west_m,56.0,m,documented,Recorded draw transform; unit wall/roof mesh,"Checkpoint sample, not new simulation. Output rounded to 0.001 m. Capacity is ceiling, not observed use; jobs per Business not whole Building.","artifacts/visual-study/roof-proportions/daylight-near.tsv: draw_index 22, building_id 23"
G023,R01,south_north_m,28.0,m,documented,Recorded draw transform; unit wall/roof mesh,"Checkpoint sample, not new simulation. Output rounded to 0.001 m. Capacity is ceiling, not observed use; jobs per Business not whole Building.","artifacts/visual-study/roof-proportions/daylight-near.tsv: draw_index 22, building_id 23"
G023,R01,wall_m,10.5,m,documented,Recorded draw transform; unit wall/roof mesh,"Checkpoint sample, not new simulation. Output rounded to 0.001 m. Capacity is ceiling, not observed use; jobs per Business not whole Building.","artifacts/visual-study/roof-proportions/daylight-near.tsv: draw_index 22, building_id 23"
G023,R01,floor_m2,4704,m2,documented,Deterministic reconstruction from recorded geometry + code,"Checkpoint sample, not new simulation. Output rounded to 0.001 m. Capacity is ceiling, not observed use; jobs per Business not whole Building.","artifacts/visual-study/roof-proportions/daylight-near.tsv: draw_index 22, building_id 23"
G023,R01,tenancy_capacity,11,tenancies,documented,Deterministic reconstruction from recorded geometry + code,"Checkpoint sample, not new simulation. Output rounded to 0.001 m. Capacity is ceiling, not observed use; jobs per Business not whole Building.","artifacts/visual-study/roof-proportions/daylight-near.tsv: draw_index 22, building_id 23"
G023,R01,jobs_per_premised_business,8,jobs per Business,documented,Deterministic reconstruction from recorded geometry + code,"Checkpoint sample, not new simulation. Output rounded to 0.001 m. Capacity is ceiling, not observed use; jobs per Business not whole Building.","artifacts/visual-study/roof-proportions/daylight-near.tsv: draw_index 22, building_id 23"
G023,R01,roof_rise_m,4.5,m,documented,Recorded draw transform; unit wall/roof mesh,"Checkpoint sample, not new simulation. Output rounded to 0.001 m. Capacity is ceiling, not observed use; jobs per Business not whole Building.","artifacts/visual-study/roof-proportions/daylight-near.tsv: draw_index 22, building_id 23"
G023,R01,roof_pitch_degrees,32.095,degrees,documented,Deterministic reconstruction from recorded geometry + code,"Checkpoint sample, not new simulation. Output rounded to 0.001 m. Capacity is ceiling, not observed use; jobs per Business not whole Building.","artifacts/visual-study/roof-proportions/daylight-near.tsv: draw_index 22, building_id 23"
G024,R01,east_west_m,16.0,m,documented,Recorded draw transform; unit wall/roof mesh,"Checkpoint sample, not new simulation. Output rounded to 0.001 m. Capacity is ceiling, not observed use; jobs per Business not whole Building.","artifacts/visual-study/roof-proportions/daylight-near.tsv: draw_index 23, building_id 24"
G024,R01,south_north_m,20.0,m,documented,Recorded draw transform; unit wall/roof mesh,"Checkpoint sample, not new simulation. Output rounded to 0.001 m. Capacity is ceiling, not observed use; jobs per Business not whole Building.","artifacts/visual-study/roof-proportions/daylight-near.tsv: draw_index 23, building_id 24"
G024,R01,wall_m,10.5,m,documented,Recorded draw transform; unit wall/roof mesh,"Checkpoint sample, not new simulation. Output rounded to 0.001 m. Capacity is ceiling, not observed use; jobs per Business not whole Building.","artifacts/visual-study/roof-proportions/daylight-near.tsv: draw_index 23, building_id 24"
G024,R01,floor_m2,960,m2,documented,Deterministic reconstruction from recorded geometry + code,"Checkpoint sample, not new simulation. Output rounded to 0.001 m. Capacity is ceiling, not observed use; jobs per Business not whole Building.","artifacts/visual-study/roof-proportions/daylight-near.tsv: draw_index 23, building_id 24"
G024,R01,tenancy_capacity,2,tenancies,documented,Deterministic reconstruction from recorded geometry + code,"Checkpoint sample, not new simulation. Output rounded to 0.001 m. Capacity is ceiling, not observed use; jobs per Business not whole Building.","artifacts/visual-study/roof-proportions/daylight-near.tsv: draw_index 23, building_id 24"
G024,R01,jobs_per_premised_business,10,jobs per Business,documented,Deterministic reconstruction from recorded geometry + code,"Checkpoint sample, not new simulation. Output rounded to 0.001 m. Capacity is ceiling, not observed use; jobs per Business not whole Building.","artifacts/visual-study/roof-proportions/daylight-near.tsv: draw_index 23, building_id 24"
G024,R01,roof_rise_m,4.5,m,documented,Recorded draw transform; unit wall/roof mesh,"Checkpoint sample, not new simulation. Output rounded to 0.001 m. Capacity is ceiling, not observed use; jobs per Business not whole Building.","artifacts/visual-study/roof-proportions/daylight-near.tsv: draw_index 23, building_id 24"
G024,R01,roof_pitch_degrees,28.321,degrees,documented,Deterministic reconstruction from recorded geometry + code,"Checkpoint sample, not new simulation. Output rounded to 0.001 m. Capacity is ceiling, not observed use; jobs per Business not whole Building.","artifacts/visual-study/roof-proportions/daylight-near.tsv: draw_index 23, building_id 24"
G025,R01,east_west_m,24.0,m,documented,Recorded draw transform; unit wall/roof mesh,"Checkpoint sample, not new simulation. Output rounded to 0.001 m. Capacity is ceiling, not observed use; jobs per Business not whole Building.","artifacts/visual-study/roof-proportions/daylight-near.tsv: draw_index 24, building_id 25"
G025,R01,south_north_m,24.0,m,documented,Recorded draw transform; unit wall/roof mesh,"Checkpoint sample, not new simulation. Output rounded to 0.001 m. Capacity is ceiling, not observed use; jobs per Business not whole Building.","artifacts/visual-study/roof-proportions/daylight-near.tsv: draw_index 24, building_id 25"
G025,R01,wall_m,7.0,m,documented,Recorded draw transform; unit wall/roof mesh,"Checkpoint sample, not new simulation. Output rounded to 0.001 m. Capacity is ceiling, not observed use; jobs per Business not whole Building.","artifacts/visual-study/roof-proportions/daylight-near.tsv: draw_index 24, building_id 25"
G025,R01,floor_m2,1152,m2,documented,Deterministic reconstruction from recorded geometry + code,"Checkpoint sample, not new simulation. Output rounded to 0.001 m. Capacity is ceiling, not observed use; jobs per Business not whole Building.","artifacts/visual-study/roof-proportions/daylight-near.tsv: draw_index 24, building_id 25"
G025,R01,tenancy_capacity,2,tenancies,documented,Deterministic reconstruction from recorded geometry + code,"Checkpoint sample, not new simulation. Output rounded to 0.001 m. Capacity is ceiling, not observed use; jobs per Business not whole Building.","artifacts/visual-study/roof-proportions/daylight-near.tsv: draw_index 24, building_id 25"
G025,R01,jobs_per_premised_business,12,jobs per Business,documented,Deterministic reconstruction from recorded geometry + code,"Checkpoint sample, not new simulation. Output rounded to 0.001 m. Capacity is ceiling, not observed use; jobs per Business not whole Building.","artifacts/visual-study/roof-proportions/daylight-near.tsv: draw_index 24, building_id 25"
G025,R01,roof_rise_m,3.908,m,documented,Recorded draw transform; unit wall/roof mesh,"Checkpoint sample, not new simulation. Output rounded to 0.001 m. Capacity is ceiling, not observed use; jobs per Business not whole Building.","artifacts/visual-study/roof-proportions/daylight-near.tsv: draw_index 24, building_id 25"
G025,R01,roof_pitch_degrees,32.329,degrees,documented,Deterministic reconstruction from recorded geometry + code,"Checkpoint sample, not new simulation. Output rounded to 0.001 m. Capacity is ceiling, not observed use; jobs per Business not whole Building.","artifacts/visual-study/roof-proportions/daylight-near.tsv: draw_index 24, building_id 25"
G026,R01,east_west_m,28.0,m,documented,Recorded draw transform; unit wall/roof mesh,"Checkpoint sample, not new simulation. Output rounded to 0.001 m. Capacity is ceiling, not observed use; jobs per Business not whole Building.","artifacts/visual-study/roof-proportions/daylight-near.tsv: draw_index 25, building_id 26"
G026,R01,south_north_m,20.0,m,documented,Recorded draw transform; unit wall/roof mesh,"Checkpoint sample, not new simulation. Output rounded to 0.001 m. Capacity is ceiling, not observed use; jobs per Business not whole Building.","artifacts/visual-study/roof-proportions/daylight-near.tsv: draw_index 25, building_id 26"
G026,R01,wall_m,7.0,m,documented,Recorded draw transform; unit wall/roof mesh,"Checkpoint sample, not new simulation. Output rounded to 0.001 m. Capacity is ceiling, not observed use; jobs per Business not whole Building.","artifacts/visual-study/roof-proportions/daylight-near.tsv: draw_index 25, building_id 26"
G026,R01,floor_m2,1120,m2,documented,Deterministic reconstruction from recorded geometry + code,"Checkpoint sample, not new simulation. Output rounded to 0.001 m. Capacity is ceiling, not observed use; jobs per Business not whole Building.","artifacts/visual-study/roof-proportions/daylight-near.tsv: draw_index 25, building_id 26"
G026,R01,tenancy_capacity,2,tenancies,documented,Deterministic reconstruction from recorded geometry + code,"Checkpoint sample, not new simulation. Output rounded to 0.001 m. Capacity is ceiling, not observed use; jobs per Business not whole Building.","artifacts/visual-study/roof-proportions/daylight-near.tsv: draw_index 25, building_id 26"
G026,R01,jobs_per_premised_business,11,jobs per Business,documented,Deterministic reconstruction from recorded geometry + code,"Checkpoint sample, not new simulation. Output rounded to 0.001 m. Capacity is ceiling, not observed use; jobs per Business not whole Building.","artifacts/visual-study/roof-proportions/daylight-near.tsv: draw_index 25, building_id 26"
G026,R01,roof_rise_m,3.457,m,documented,Recorded draw transform; unit wall/roof mesh,"Checkpoint sample, not new simulation. Output rounded to 0.001 m. Capacity is ceiling, not observed use; jobs per Business not whole Building.","artifacts/visual-study/roof-proportions/daylight-near.tsv: draw_index 25, building_id 26"
G026,R01,roof_pitch_degrees,33.744,degrees,documented,Deterministic reconstruction from recorded geometry + code,"Checkpoint sample, not new simulation. Output rounded to 0.001 m. Capacity is ceiling, not observed use; jobs per Business not whole Building.","artifacts/visual-study/roof-proportions/daylight-near.tsv: draw_index 25, building_id 26"
G027,R01,east_west_m,44.0,m,documented,Recorded draw transform; unit wall/roof mesh,"Checkpoint sample, not new simulation. Output rounded to 0.001 m. Capacity is ceiling, not observed use; jobs per Business not whole Building.","artifacts/visual-study/roof-proportions/daylight-near.tsv: draw_index 26, building_id 27"
G027,R01,south_north_m,16.0,m,documented,Recorded draw transform; unit wall/roof mesh,"Checkpoint sample, not new simulation. Output rounded to 0.001 m. Capacity is ceiling, not observed use; jobs per Business not whole Building.","artifacts/visual-study/roof-proportions/daylight-near.tsv: draw_index 26, building_id 27"
G027,R01,wall_m,7.0,m,documented,Recorded draw transform; unit wall/roof mesh,"Checkpoint sample, not new simulation. Output rounded to 0.001 m. Capacity is ceiling, not observed use; jobs per Business not whole Building.","artifacts/visual-study/roof-proportions/daylight-near.tsv: draw_index 26, building_id 27"
G027,R01,floor_m2,1408,m2,documented,Deterministic reconstruction from recorded geometry + code,"Checkpoint sample, not new simulation. Output rounded to 0.001 m. Capacity is ceiling, not observed use; jobs per Business not whole Building.","artifacts/visual-study/roof-proportions/daylight-near.tsv: draw_index 26, building_id 27"
G027,R01,tenancy_capacity,3,tenancies,documented,Deterministic reconstruction from recorded geometry + code,"Checkpoint sample, not new simulation. Output rounded to 0.001 m. Capacity is ceiling, not observed use; jobs per Business not whole Building.","artifacts/visual-study/roof-proportions/daylight-near.tsv: draw_index 26, building_id 27"
G027,R01,jobs_per_premised_business,9,jobs per Business,documented,Deterministic reconstruction from recorded geometry + code,"Checkpoint sample, not new simulation. Output rounded to 0.001 m. Capacity is ceiling, not observed use; jobs per Business not whole Building.","artifacts/visual-study/roof-proportions/daylight-near.tsv: draw_index 26, building_id 27"
G027,R01,roof_rise_m,4.333,m,documented,Recorded draw transform; unit wall/roof mesh,"Checkpoint sample, not new simulation. Output rounded to 0.001 m. Capacity is ceiling, not observed use; jobs per Business not whole Building.","artifacts/visual-study/roof-proportions/daylight-near.tsv: draw_index 26, building_id 27"
G027,R01,roof_pitch_degrees,27.426,degrees,documented,Deterministic reconstruction from recorded geometry + code,"Checkpoint sample, not new simulation. Output rounded to 0.001 m. Capacity is ceiling, not observed use; jobs per Business not whole Building.","artifacts/visual-study/roof-proportions/daylight-near.tsv: draw_index 26, building_id 27"
G028,R01,east_west_m,24.0,m,documented,Recorded draw transform; unit wall/roof mesh,"Checkpoint sample, not new simulation. Output rounded to 0.001 m. Capacity is ceiling, not observed use; jobs per Business not whole Building.","artifacts/visual-study/roof-proportions/daylight-near.tsv: draw_index 27, building_id 28"
G028,R01,south_north_m,24.0,m,documented,Recorded draw transform; unit wall/roof mesh,"Checkpoint sample, not new simulation. Output rounded to 0.001 m. Capacity is ceiling, not observed use; jobs per Business not whole Building.","artifacts/visual-study/roof-proportions/daylight-near.tsv: draw_index 27, building_id 28"
G028,R01,wall_m,10.5,m,documented,Recorded draw transform; unit wall/roof mesh,"Checkpoint sample, not new simulation. Output rounded to 0.001 m. Capacity is ceiling, not observed use; jobs per Business not whole Building.","artifacts/visual-study/roof-proportions/daylight-near.tsv: draw_index 27, building_id 28"
G028,R01,floor_m2,1728,m2,documented,Deterministic reconstruction from recorded geometry + code,"Checkpoint sample, not new simulation. Output rounded to 0.001 m. Capacity is ceiling, not observed use; jobs per Business not whole Building.","artifacts/visual-study/roof-proportions/daylight-near.tsv: draw_index 27, building_id 28"
G028,R01,tenancy_capacity,4,tenancies,documented,Deterministic reconstruction from recorded geometry + code,"Checkpoint sample, not new simulation. Output rounded to 0.001 m. Capacity is ceiling, not observed use; jobs per Business not whole Building.","artifacts/visual-study/roof-proportions/daylight-near.tsv: draw_index 27, building_id 28"
G028,R01,jobs_per_premised_business,9,jobs per Business,documented,Deterministic reconstruction from recorded geometry + code,"Checkpoint sample, not new simulation. Output rounded to 0.001 m. Capacity is ceiling, not observed use; jobs per Business not whole Building.","artifacts/visual-study/roof-proportions/daylight-near.tsv: draw_index 27, building_id 28"
G028,R01,roof_rise_m,3.555,m,documented,Recorded draw transform; unit wall/roof mesh,"Checkpoint sample, not new simulation. Output rounded to 0.001 m. Capacity is ceiling, not observed use; jobs per Business not whole Building.","artifacts/visual-study/roof-proportions/daylight-near.tsv: draw_index 27, building_id 28"
G028,R01,roof_pitch_degrees,29.929,degrees,documented,Deterministic reconstruction from recorded geometry + code,"Checkpoint sample, not new simulation. Output rounded to 0.001 m. Capacity is ceiling, not observed use; jobs per Business not whole Building.","artifacts/visual-study/roof-proportions/daylight-near.tsv: draw_index 27, building_id 28"
G029,R01,east_west_m,60.0,m,documented,Recorded draw transform; unit wall/roof mesh,"Checkpoint sample, not new simulation. Output rounded to 0.001 m. Capacity is ceiling, not observed use; jobs per Business not whole Building.","artifacts/visual-study/roof-proportions/daylight-near.tsv: draw_index 28, building_id 29"
G029,R01,south_north_m,16.0,m,documented,Recorded draw transform; unit wall/roof mesh,"Checkpoint sample, not new simulation. Output rounded to 0.001 m. Capacity is ceiling, not observed use; jobs per Business not whole Building.","artifacts/visual-study/roof-proportions/daylight-near.tsv: draw_index 28, building_id 29"
G029,R01,wall_m,7.0,m,documented,Recorded draw transform; unit wall/roof mesh,"Checkpoint sample, not new simulation. Output rounded to 0.001 m. Capacity is ceiling, not observed use; jobs per Business not whole Building.","artifacts/visual-study/roof-proportions/daylight-near.tsv: draw_index 28, building_id 29"
G029,R01,floor_m2,1920,m2,documented,Deterministic reconstruction from recorded geometry + code,"Checkpoint sample, not new simulation. Output rounded to 0.001 m. Capacity is ceiling, not observed use; jobs per Business not whole Building.","artifacts/visual-study/roof-proportions/daylight-near.tsv: draw_index 28, building_id 29"
G029,R01,tenancy_capacity,4,tenancies,documented,Deterministic reconstruction from recorded geometry + code,"Checkpoint sample, not new simulation. Output rounded to 0.001 m. Capacity is ceiling, not observed use; jobs per Business not whole Building.","artifacts/visual-study/roof-proportions/daylight-near.tsv: draw_index 28, building_id 29"
G029,R01,jobs_per_premised_business,10,jobs per Business,documented,Deterministic reconstruction from recorded geometry + code,"Checkpoint sample, not new simulation. Output rounded to 0.001 m. Capacity is ceiling, not observed use; jobs per Business not whole Building.","artifacts/visual-study/roof-proportions/daylight-near.tsv: draw_index 28, building_id 29"
G029,R01,roof_rise_m,4.458,m,documented,Recorded draw transform; unit wall/roof mesh,"Checkpoint sample, not new simulation. Output rounded to 0.001 m. Capacity is ceiling, not observed use; jobs per Business not whole Building.","artifacts/visual-study/roof-proportions/daylight-near.tsv: draw_index 28, building_id 29"
G029,R01,roof_pitch_degrees,28.097,degrees,documented,Deterministic reconstruction from recorded geometry + code,"Checkpoint sample, not new simulation. Output rounded to 0.001 m. Capacity is ceiling, not observed use; jobs per Business not whole Building.","artifacts/visual-study/roof-proportions/daylight-near.tsv: draw_index 28, building_id 29"
G030,R01,east_west_m,56.0,m,documented,Recorded draw transform; unit wall/roof mesh,"Checkpoint sample, not new simulation. Output rounded to 0.001 m. Capacity is ceiling, not observed use; jobs per Business not whole Building.","artifacts/visual-study/roof-proportions/daylight-near.tsv: draw_index 29, building_id 30"
G030,R01,south_north_m,24.0,m,documented,Recorded draw transform; unit wall/roof mesh,"Checkpoint sample, not new simulation. Output rounded to 0.001 m. Capacity is ceiling, not observed use; jobs per Business not whole Building.","artifacts/visual-study/roof-proportions/daylight-near.tsv: draw_index 29, building_id 30"
G030,R01,wall_m,10.5,m,documented,Recorded draw transform; unit wall/roof mesh,"Checkpoint sample, not new simulation. Output rounded to 0.001 m. Capacity is ceiling, not observed use; jobs per Business not whole Building.","artifacts/visual-study/roof-proportions/daylight-near.tsv: draw_index 29, building_id 30"
G030,R01,floor_m2,4032,m2,documented,Deterministic reconstruction from recorded geometry + code,"Checkpoint sample, not new simulation. Output rounded to 0.001 m. Capacity is ceiling, not observed use; jobs per Business not whole Building.","artifacts/visual-study/roof-proportions/daylight-near.tsv: draw_index 29, building_id 30"
G030,R01,tenancy_capacity,10,tenancies,documented,Deterministic reconstruction from recorded geometry + code,"Checkpoint sample, not new simulation. Output rounded to 0.001 m. Capacity is ceiling, not observed use; jobs per Business not whole Building.","artifacts/visual-study/roof-proportions/daylight-near.tsv: draw_index 29, building_id 30"
G030,R01,jobs_per_premised_business,8,jobs per Business,documented,Deterministic reconstruction from recorded geometry + code,"Checkpoint sample, not new simulation. Output rounded to 0.001 m. Capacity is ceiling, not observed use; jobs per Business not whole Building.","artifacts/visual-study/roof-proportions/daylight-near.tsv: draw_index 29, building_id 30"
G030,R01,roof_rise_m,3.409,m,documented,Recorded draw transform; unit wall/roof mesh,"Checkpoint sample, not new simulation. Output rounded to 0.001 m. Capacity is ceiling, not observed use; jobs per Business not whole Building.","artifacts/visual-study/roof-proportions/daylight-near.tsv: draw_index 29, building_id 30"
G030,R01,roof_pitch_degrees,28.902,degrees,documented,Deterministic reconstruction from recorded geometry + code,"Checkpoint sample, not new simulation. Output rounded to 0.001 m. Capacity is ceiling, not observed use; jobs per Business not whole Building.","artifacts/visual-study/roof-proportions/daylight-near.tsv: draw_index 29, building_id 30"
G031,R01,east_west_m,20.0,m,documented,Recorded draw transform; unit wall/roof mesh,"Checkpoint sample, not new simulation. Output rounded to 0.001 m. Capacity is ceiling, not observed use; jobs per Business not whole Building.","artifacts/visual-study/roof-proportions/daylight-near.tsv: draw_index 30, building_id 31"
G031,R01,south_north_m,28.0,m,documented,Recorded draw transform; unit wall/roof mesh,"Checkpoint sample, not new simulation. Output rounded to 0.001 m. Capacity is ceiling, not observed use; jobs per Business not whole Building.","artifacts/visual-study/roof-proportions/daylight-near.tsv: draw_index 30, building_id 31"
G031,R01,wall_m,7.0,m,documented,Recorded draw transform; unit wall/roof mesh,"Checkpoint sample, not new simulation. Output rounded to 0.001 m. Capacity is ceiling, not observed use; jobs per Business not whole Building.","artifacts/visual-study/roof-proportions/daylight-near.tsv: draw_index 30, building_id 31"
G031,R01,floor_m2,1120,m2,documented,Deterministic reconstruction from recorded geometry + code,"Checkpoint sample, not new simulation. Output rounded to 0.001 m. Capacity is ceiling, not observed use; jobs per Business not whole Building.","artifacts/visual-study/roof-proportions/daylight-near.tsv: draw_index 30, building_id 31"
G031,R01,tenancy_capacity,2,tenancies,documented,Deterministic reconstruction from recorded geometry + code,"Checkpoint sample, not new simulation. Output rounded to 0.001 m. Capacity is ceiling, not observed use; jobs per Business not whole Building.","artifacts/visual-study/roof-proportions/daylight-near.tsv: draw_index 30, building_id 31"
G031,R01,jobs_per_premised_business,11,jobs per Business,documented,Deterministic reconstruction from recorded geometry + code,"Checkpoint sample, not new simulation. Output rounded to 0.001 m. Capacity is ceiling, not observed use; jobs per Business not whole Building.","artifacts/visual-study/roof-proportions/daylight-near.tsv: draw_index 30, building_id 31"
G031,R01,roof_rise_m,3.088,m,documented,Recorded draw transform; unit wall/roof mesh,"Checkpoint sample, not new simulation. Output rounded to 0.001 m. Capacity is ceiling, not observed use; jobs per Business not whole Building.","artifacts/visual-study/roof-proportions/daylight-near.tsv: draw_index 30, building_id 31"
G031,R01,roof_pitch_degrees,30.825,degrees,documented,Deterministic reconstruction from recorded geometry + code,"Checkpoint sample, not new simulation. Output rounded to 0.001 m. Capacity is ceiling, not observed use; jobs per Business not whole Building.","artifacts/visual-study/roof-proportions/daylight-near.tsv: draw_index 30, building_id 31"
G032,R01,east_west_m,28.0,m,documented,Recorded draw transform; unit wall/roof mesh,"Checkpoint sample, not new simulation. Output rounded to 0.001 m. Capacity is ceiling, not observed use; jobs per Business not whole Building.","artifacts/visual-study/roof-proportions/daylight-near.tsv: draw_index 31, building_id 32"
G032,R01,south_north_m,20.0,m,documented,Recorded draw transform; unit wall/roof mesh,"Checkpoint sample, not new simulation. Output rounded to 0.001 m. Capacity is ceiling, not observed use; jobs per Business not whole Building.","artifacts/visual-study/roof-proportions/daylight-near.tsv: draw_index 31, building_id 32"
G032,R01,wall_m,7.0,m,documented,Recorded draw transform; unit wall/roof mesh,"Checkpoint sample, not new simulation. Output rounded to 0.001 m. Capacity is ceiling, not observed use; jobs per Business not whole Building.","artifacts/visual-study/roof-proportions/daylight-near.tsv: draw_index 31, building_id 32"
G032,R01,floor_m2,1120,m2,documented,Deterministic reconstruction from recorded geometry + code,"Checkpoint sample, not new simulation. Output rounded to 0.001 m. Capacity is ceiling, not observed use; jobs per Business not whole Building.","artifacts/visual-study/roof-proportions/daylight-near.tsv: draw_index 31, building_id 32"
G032,R01,tenancy_capacity,2,tenancies,documented,Deterministic reconstruction from recorded geometry + code,"Checkpoint sample, not new simulation. Output rounded to 0.001 m. Capacity is ceiling, not observed use; jobs per Business not whole Building.","artifacts/visual-study/roof-proportions/daylight-near.tsv: draw_index 31, building_id 32"
G032,R01,jobs_per_premised_business,11,jobs per Business,documented,Deterministic reconstruction from recorded geometry + code,"Checkpoint sample, not new simulation. Output rounded to 0.001 m. Capacity is ceiling, not observed use; jobs per Business not whole Building.","artifacts/visual-study/roof-proportions/daylight-near.tsv: draw_index 31, building_id 32"
G032,R01,roof_rise_m,2.998,m,documented,Recorded draw transform; unit wall/roof mesh,"Checkpoint sample, not new simulation. Output rounded to 0.001 m. Capacity is ceiling, not observed use; jobs per Business not whole Building.","artifacts/visual-study/roof-proportions/daylight-near.tsv: draw_index 31, building_id 32"
G032,R01,roof_pitch_degrees,30.085,degrees,documented,Deterministic reconstruction from recorded geometry + code,"Checkpoint sample, not new simulation. Output rounded to 0.001 m. Capacity is ceiling, not observed use; jobs per Business not whole Building.","artifacts/visual-study/roof-proportions/daylight-near.tsv: draw_index 31, building_id 32"
G033,R01,east_west_m,16.0,m,documented,Recorded draw transform; unit wall/roof mesh,"Checkpoint sample, not new simulation. Output rounded to 0.001 m. Capacity is ceiling, not observed use; jobs per Business not whole Building.","artifacts/visual-study/roof-proportions/daylight-near.tsv: draw_index 32, building_id 33"
G033,R01,south_north_m,56.0,m,documented,Recorded draw transform; unit wall/roof mesh,"Checkpoint sample, not new simulation. Output rounded to 0.001 m. Capacity is ceiling, not observed use; jobs per Business not whole Building.","artifacts/visual-study/roof-proportions/daylight-near.tsv: draw_index 32, building_id 33"
G033,R01,wall_m,10.5,m,documented,Recorded draw transform; unit wall/roof mesh,"Checkpoint sample, not new simulation. Output rounded to 0.001 m. Capacity is ceiling, not observed use; jobs per Business not whole Building.","artifacts/visual-study/roof-proportions/daylight-near.tsv: draw_index 32, building_id 33"
G033,R01,floor_m2,2688,m2,documented,Deterministic reconstruction from recorded geometry + code,"Checkpoint sample, not new simulation. Output rounded to 0.001 m. Capacity is ceiling, not observed use; jobs per Business not whole Building.","artifacts/visual-study/roof-proportions/daylight-near.tsv: draw_index 32, building_id 33"
G033,R01,tenancy_capacity,6,tenancies,documented,Deterministic reconstruction from recorded geometry + code,"Checkpoint sample, not new simulation. Output rounded to 0.001 m. Capacity is ceiling, not observed use; jobs per Business not whole Building.","artifacts/visual-study/roof-proportions/daylight-near.tsv: draw_index 32, building_id 33"
G033,R01,jobs_per_premised_business,9,jobs per Business,documented,Deterministic reconstruction from recorded geometry + code,"Checkpoint sample, not new simulation. Output rounded to 0.001 m. Capacity is ceiling, not observed use; jobs per Business not whole Building.","artifacts/visual-study/roof-proportions/daylight-near.tsv: draw_index 32, building_id 33"
G033,R01,roof_rise_m,4.094,m,documented,Recorded draw transform; unit wall/roof mesh,"Checkpoint sample, not new simulation. Output rounded to 0.001 m. Capacity is ceiling, not observed use; jobs per Business not whole Building.","artifacts/visual-study/roof-proportions/daylight-near.tsv: draw_index 32, building_id 33"
G033,R01,roof_pitch_degrees,26.119,degrees,documented,Deterministic reconstruction from recorded geometry + code,"Checkpoint sample, not new simulation. Output rounded to 0.001 m. Capacity is ceiling, not observed use; jobs per Business not whole Building.","artifacts/visual-study/roof-proportions/daylight-near.tsv: draw_index 32, building_id 33"
G034,R01,east_west_m,20.0,m,documented,Recorded draw transform; unit wall/roof mesh,"Checkpoint sample, not new simulation. Output rounded to 0.001 m. Capacity is ceiling, not observed use; jobs per Business not whole Building.","artifacts/visual-study/roof-proportions/daylight-near.tsv: draw_index 33, building_id 34"
G034,R01,south_north_m,28.0,m,documented,Recorded draw transform; unit wall/roof mesh,"Checkpoint sample, not new simulation. Output rounded to 0.001 m. Capacity is ceiling, not observed use; jobs per Business not whole Building.","artifacts/visual-study/roof-proportions/daylight-near.tsv: draw_index 33, building_id 34"
G034,R01,wall_m,10.5,m,documented,Recorded draw transform; unit wall/roof mesh,"Checkpoint sample, not new simulation. Output rounded to 0.001 m. Capacity is ceiling, not observed use; jobs per Business not whole Building.","artifacts/visual-study/roof-proportions/daylight-near.tsv: draw_index 33, building_id 34"
G034,R01,floor_m2,1680,m2,documented,Deterministic reconstruction from recorded geometry + code,"Checkpoint sample, not new simulation. Output rounded to 0.001 m. Capacity is ceiling, not observed use; jobs per Business not whole Building.","artifacts/visual-study/roof-proportions/daylight-near.tsv: draw_index 33, building_id 34"
G034,R01,tenancy_capacity,4,tenancies,documented,Deterministic reconstruction from recorded geometry + code,"Checkpoint sample, not new simulation. Output rounded to 0.001 m. Capacity is ceiling, not observed use; jobs per Business not whole Building.","artifacts/visual-study/roof-proportions/daylight-near.tsv: draw_index 33, building_id 34"
G034,R01,jobs_per_premised_business,8,jobs per Business,documented,Deterministic reconstruction from recorded geometry + code,"Checkpoint sample, not new simulation. Output rounded to 0.001 m. Capacity is ceiling, not observed use; jobs per Business not whole Building.","artifacts/visual-study/roof-proportions/daylight-near.tsv: draw_index 33, building_id 34"
G034,R01,roof_rise_m,2.676,m,documented,Recorded draw transform; unit wall/roof mesh,"Checkpoint sample, not new simulation. Output rounded to 0.001 m. Capacity is ceiling, not observed use; jobs per Business not whole Building.","artifacts/visual-study/roof-proportions/daylight-near.tsv: draw_index 33, building_id 34"
G034,R01,roof_pitch_degrees,27.344,degrees,documented,Deterministic reconstruction from recorded geometry + code,"Checkpoint sample, not new simulation. Output rounded to 0.001 m. Capacity is ceiling, not observed use; jobs per Business not whole Building.","artifacts/visual-study/roof-proportions/daylight-near.tsv: draw_index 33, building_id 34"
G035,R01,east_west_m,20.0,m,documented,Recorded draw transform; unit wall/roof mesh,"Checkpoint sample, not new simulation. Output rounded to 0.001 m. Capacity is ceiling, not observed use; jobs per Business not whole Building.","artifacts/visual-study/roof-proportions/daylight-near.tsv: draw_index 34, building_id 35"
G035,R01,south_north_m,20.0,m,documented,Recorded draw transform; unit wall/roof mesh,"Checkpoint sample, not new simulation. Output rounded to 0.001 m. Capacity is ceiling, not observed use; jobs per Business not whole Building.","artifacts/visual-study/roof-proportions/daylight-near.tsv: draw_index 34, building_id 35"
G035,R01,wall_m,10.5,m,documented,Recorded draw transform; unit wall/roof mesh,"Checkpoint sample, not new simulation. Output rounded to 0.001 m. Capacity is ceiling, not observed use; jobs per Business not whole Building.","artifacts/visual-study/roof-proportions/daylight-near.tsv: draw_index 34, building_id 35"
G035,R01,floor_m2,1200,m2,documented,Deterministic reconstruction from recorded geometry + code,"Checkpoint sample, not new simulation. Output rounded to 0.001 m. Capacity is ceiling, not observed use; jobs per Business not whole Building.","artifacts/visual-study/roof-proportions/daylight-near.tsv: draw_index 34, building_id 35"
G035,R01,tenancy_capacity,3,tenancies,documented,Deterministic reconstruction from recorded geometry + code,"Checkpoint sample, not new simulation. Output rounded to 0.001 m. Capacity is ceiling, not observed use; jobs per Business not whole Building.","artifacts/visual-study/roof-proportions/daylight-near.tsv: draw_index 34, building_id 35"
G035,R01,jobs_per_premised_business,8,jobs per Business,documented,Deterministic reconstruction from recorded geometry + code,"Checkpoint sample, not new simulation. Output rounded to 0.001 m. Capacity is ceiling, not observed use; jobs per Business not whole Building.","artifacts/visual-study/roof-proportions/daylight-near.tsv: draw_index 34, building_id 35"
G035,R01,roof_rise_m,3.222,m,documented,Recorded draw transform; unit wall/roof mesh,"Checkpoint sample, not new simulation. Output rounded to 0.001 m. Capacity is ceiling, not observed use; jobs per Business not whole Building.","artifacts/visual-study/roof-proportions/daylight-near.tsv: draw_index 34, building_id 35"
G035,R01,roof_pitch_degrees,31.907,degrees,documented,Deterministic reconstruction from recorded geometry + code,"Checkpoint sample, not new simulation. Output rounded to 0.001 m. Capacity is ceiling, not observed use; jobs per Business not whole Building.","artifacts/visual-study/roof-proportions/daylight-near.tsv: draw_index 34, building_id 35"
G036,R01,east_west_m,28.0,m,documented,Recorded draw transform; unit wall/roof mesh,"Checkpoint sample, not new simulation. Output rounded to 0.001 m. Capacity is ceiling, not observed use; jobs per Business not whole Building.","artifacts/visual-study/roof-proportions/daylight-near.tsv: draw_index 35, building_id 36"
G036,R01,south_north_m,16.0,m,documented,Recorded draw transform; unit wall/roof mesh,"Checkpoint sample, not new simulation. Output rounded to 0.001 m. Capacity is ceiling, not observed use; jobs per Business not whole Building.","artifacts/visual-study/roof-proportions/daylight-near.tsv: draw_index 35, building_id 36"
G036,R01,wall_m,10.5,m,documented,Recorded draw transform; unit wall/roof mesh,"Checkpoint sample, not new simulation. Output rounded to 0.001 m. Capacity is ceiling, not observed use; jobs per Business not whole Building.","artifacts/visual-study/roof-proportions/daylight-near.tsv: draw_index 35, building_id 36"
G036,R01,floor_m2,1344,m2,documented,Deterministic reconstruction from recorded geometry + code,"Checkpoint sample, not new simulation. Output rounded to 0.001 m. Capacity is ceiling, not observed use; jobs per Business not whole Building.","artifacts/visual-study/roof-proportions/daylight-near.tsv: draw_index 35, building_id 36"
G036,R01,tenancy_capacity,3,tenancies,documented,Deterministic reconstruction from recorded geometry + code,"Checkpoint sample, not new simulation. Output rounded to 0.001 m. Capacity is ceiling, not observed use; jobs per Business not whole Building.","artifacts/visual-study/roof-proportions/daylight-near.tsv: draw_index 35, building_id 36"
G036,R01,jobs_per_premised_business,9,jobs per Business,documented,Deterministic reconstruction from recorded geometry + code,"Checkpoint sample, not new simulation. Output rounded to 0.001 m. Capacity is ceiling, not observed use; jobs per Business not whole Building.","artifacts/visual-study/roof-proportions/daylight-near.tsv: draw_index 35, building_id 36"
G036,R01,roof_rise_m,4.138,m,documented,Recorded draw transform; unit wall/roof mesh,"Checkpoint sample, not new simulation. Output rounded to 0.001 m. Capacity is ceiling, not observed use; jobs per Business not whole Building.","artifacts/visual-study/roof-proportions/daylight-near.tsv: draw_index 35, building_id 36"
G036,R01,roof_pitch_degrees,26.362,degrees,documented,Deterministic reconstruction from recorded geometry + code,"Checkpoint sample, not new simulation. Output rounded to 0.001 m. Capacity is ceiling, not observed use; jobs per Business not whole Building.","artifacts/visual-study/roof-proportions/daylight-near.tsv: draw_index 35, building_id 36"
G037,R01,east_west_m,28.0,m,documented,Recorded draw transform; unit wall/roof mesh,"Checkpoint sample, not new simulation. Output rounded to 0.001 m. Capacity is ceiling, not observed use; jobs per Business not whole Building.","artifacts/visual-study/roof-proportions/daylight-near.tsv: draw_index 36, building_id 37"
G037,R01,south_north_m,20.0,m,documented,Recorded draw transform; unit wall/roof mesh,"Checkpoint sample, not new simulation. Output rounded to 0.001 m. Capacity is ceiling, not observed use; jobs per Business not whole Building.","artifacts/visual-study/roof-proportions/daylight-near.tsv: draw_index 36, building_id 37"
G037,R01,wall_m,10.5,m,documented,Recorded draw transform; unit wall/roof mesh,"Checkpoint sample, not new simulation. Output rounded to 0.001 m. Capacity is ceiling, not observed use; jobs per Business not whole Building.","artifacts/visual-study/roof-proportions/daylight-near.tsv: draw_index 36, building_id 37"
G037,R01,floor_m2,1680,m2,documented,Deterministic reconstruction from recorded geometry + code,"Checkpoint sample, not new simulation. Output rounded to 0.001 m. Capacity is ceiling, not observed use; jobs per Business not whole Building.","artifacts/visual-study/roof-proportions/daylight-near.tsv: draw_index 36, building_id 37"
G037,R01,tenancy_capacity,4,tenancies,documented,Deterministic reconstruction from recorded geometry + code,"Checkpoint sample, not new simulation. Output rounded to 0.001 m. Capacity is ceiling, not observed use; jobs per Business not whole Building.","artifacts/visual-study/roof-proportions/daylight-near.tsv: draw_index 36, building_id 37"
G037,R01,jobs_per_premised_business,8,jobs per Business,documented,Deterministic reconstruction from recorded geometry + code,"Checkpoint sample, not new simulation. Output rounded to 0.001 m. Capacity is ceiling, not observed use; jobs per Business not whole Building.","artifacts/visual-study/roof-proportions/daylight-near.tsv: draw_index 36, building_id 37"
G037,R01,roof_rise_m,2.837,m,documented,Recorded draw transform; unit wall/roof mesh,"Checkpoint sample, not new simulation. Output rounded to 0.001 m. Capacity is ceiling, not observed use; jobs per Business not whole Building.","artifacts/visual-study/roof-proportions/daylight-near.tsv: draw_index 36, building_id 37"
G037,R01,roof_pitch_degrees,28.732,degrees,documented,Deterministic reconstruction from recorded geometry + code,"Checkpoint sample, not new simulation. Output rounded to 0.001 m. Capacity is ceiling, not observed use; jobs per Business not whole Building.","artifacts/visual-study/roof-proportions/daylight-near.tsv: draw_index 36, building_id 37"
G038,R01,east_west_m,32.0,m,documented,Recorded draw transform; unit wall/roof mesh,"Checkpoint sample, not new simulation. Output rounded to 0.001 m. Capacity is ceiling, not observed use; jobs per Business not whole Building.","artifacts/visual-study/roof-proportions/daylight-near.tsv: draw_index 37, building_id 38"
G038,R01,south_north_m,28.0,m,documented,Recorded draw transform; unit wall/roof mesh,"Checkpoint sample, not new simulation. Output rounded to 0.001 m. Capacity is ceiling, not observed use; jobs per Business not whole Building.","artifacts/visual-study/roof-proportions/daylight-near.tsv: draw_index 37, building_id 38"
G038,R01,wall_m,7.0,m,documented,Recorded draw transform; unit wall/roof mesh,"Checkpoint sample, not new simulation. Output rounded to 0.001 m. Capacity is ceiling, not observed use; jobs per Business not whole Building.","artifacts/visual-study/roof-proportions/daylight-near.tsv: draw_index 37, building_id 38"
G038,R01,floor_m2,1792,m2,documented,Deterministic reconstruction from recorded geometry + code,"Checkpoint sample, not new simulation. Output rounded to 0.001 m. Capacity is ceiling, not observed use; jobs per Business not whole Building.","artifacts/visual-study/roof-proportions/daylight-near.tsv: draw_index 37, building_id 38"
G038,R01,tenancy_capacity,4,tenancies,documented,Deterministic reconstruction from recorded geometry + code,"Checkpoint sample, not new simulation. Output rounded to 0.001 m. Capacity is ceiling, not observed use; jobs per Business not whole Building.","artifacts/visual-study/roof-proportions/daylight-near.tsv: draw_index 37, building_id 38"
G038,R01,jobs_per_premised_business,9,jobs per Business,documented,Deterministic reconstruction from recorded geometry + code,"Checkpoint sample, not new simulation. Output rounded to 0.001 m. Capacity is ceiling, not observed use; jobs per Business not whole Building.","artifacts/visual-study/roof-proportions/daylight-near.tsv: draw_index 37, building_id 38"
G038,R01,roof_rise_m,4.5,m,documented,Recorded draw transform; unit wall/roof mesh,"Checkpoint sample, not new simulation. Output rounded to 0.001 m. Capacity is ceiling, not observed use; jobs per Business not whole Building.","artifacts/visual-study/roof-proportions/daylight-near.tsv: draw_index 37, building_id 38"
G038,R01,roof_pitch_degrees,32.095,degrees,documented,Deterministic reconstruction from recorded geometry + code,"Checkpoint sample, not new simulation. Output rounded to 0.001 m. Capacity is ceiling, not observed use; jobs per Business not whole Building.","artifacts/visual-study/roof-proportions/daylight-near.tsv: draw_index 37, building_id 38"
G039,R01,east_west_m,36.0,m,documented,Recorded draw transform; unit wall/roof mesh,"Checkpoint sample, not new simulation. Output rounded to 0.001 m. Capacity is ceiling, not observed use; jobs per Business not whole Building.","artifacts/visual-study/roof-proportions/daylight-near.tsv: draw_index 38, building_id 39"
G039,R01,south_north_m,20.0,m,documented,Recorded draw transform; unit wall/roof mesh,"Checkpoint sample, not new simulation. Output rounded to 0.001 m. Capacity is ceiling, not observed use; jobs per Business not whole Building.","artifacts/visual-study/roof-proportions/daylight-near.tsv: draw_index 38, building_id 39"
G039,R01,wall_m,10.5,m,documented,Recorded draw transform; unit wall/roof mesh,"Checkpoint sample, not new simulation. Output rounded to 0.001 m. Capacity is ceiling, not observed use; jobs per Business not whole Building.","artifacts/visual-study/roof-proportions/daylight-near.tsv: draw_index 38, building_id 39"
G039,R01,floor_m2,2160,m2,documented,Deterministic reconstruction from recorded geometry + code,"Checkpoint sample, not new simulation. Output rounded to 0.001 m. Capacity is ceiling, not observed use; jobs per Business not whole Building.","artifacts/visual-study/roof-proportions/daylight-near.tsv: draw_index 38, building_id 39"
G039,R01,tenancy_capacity,5,tenancies,documented,Deterministic reconstruction from recorded geometry + code,"Checkpoint sample, not new simulation. Output rounded to 0.001 m. Capacity is ceiling, not observed use; jobs per Business not whole Building.","artifacts/visual-study/roof-proportions/daylight-near.tsv: draw_index 38, building_id 39"
G039,R01,jobs_per_premised_business,9,jobs per Business,documented,Deterministic reconstruction from recorded geometry + code,"Checkpoint sample, not new simulation. Output rounded to 0.001 m. Capacity is ceiling, not observed use; jobs per Business not whole Building.","artifacts/visual-study/roof-proportions/daylight-near.tsv: draw_index 38, building_id 39"
G039,R01,roof_rise_m,2.841,m,documented,Recorded draw transform; unit wall/roof mesh,"Checkpoint sample, not new simulation. Output rounded to 0.001 m. Capacity is ceiling, not observed use; jobs per Business not whole Building.","artifacts/visual-study/roof-proportions/daylight-near.tsv: draw_index 38, building_id 39"
G039,R01,roof_pitch_degrees,28.766,degrees,documented,Deterministic reconstruction from recorded geometry + code,"Checkpoint sample, not new simulation. Output rounded to 0.001 m. Capacity is ceiling, not observed use; jobs per Business not whole Building.","artifacts/visual-study/roof-proportions/daylight-near.tsv: draw_index 38, building_id 39"
G040,R01,east_west_m,32.0,m,documented,Recorded draw transform; unit wall/roof mesh,"Checkpoint sample, not new simulation. Output rounded to 0.001 m. Capacity is ceiling, not observed use; jobs per Business not whole Building.","artifacts/visual-study/roof-proportions/daylight-near.tsv: draw_index 39, building_id 40"
G040,R01,south_north_m,20.0,m,documented,Recorded draw transform; unit wall/roof mesh,"Checkpoint sample, not new simulation. Output rounded to 0.001 m. Capacity is ceiling, not observed use; jobs per Business not whole Building.","artifacts/visual-study/roof-proportions/daylight-near.tsv: draw_index 39, building_id 40"
G040,R01,wall_m,7.0,m,documented,Recorded draw transform; unit wall/roof mesh,"Checkpoint sample, not new simulation. Output rounded to 0.001 m. Capacity is ceiling, not observed use; jobs per Business not whole Building.","artifacts/visual-study/roof-proportions/daylight-near.tsv: draw_index 39, building_id 40"
G040,R01,floor_m2,1280,m2,documented,Deterministic reconstruction from recorded geometry + code,"Checkpoint sample, not new simulation. Output rounded to 0.001 m. Capacity is ceiling, not observed use; jobs per Business not whole Building.","artifacts/visual-study/roof-proportions/daylight-near.tsv: draw_index 39, building_id 40"
G040,R01,tenancy_capacity,3,tenancies,documented,Deterministic reconstruction from recorded geometry + code,"Checkpoint sample, not new simulation. Output rounded to 0.001 m. Capacity is ceiling, not observed use; jobs per Business not whole Building.","artifacts/visual-study/roof-proportions/daylight-near.tsv: draw_index 39, building_id 40"
G040,R01,jobs_per_premised_business,8,jobs per Business,documented,Deterministic reconstruction from recorded geometry + code,"Checkpoint sample, not new simulation. Output rounded to 0.001 m. Capacity is ceiling, not observed use; jobs per Business not whole Building.","artifacts/visual-study/roof-proportions/daylight-near.tsv: draw_index 39, building_id 40"
G040,R01,roof_rise_m,3.182,m,documented,Recorded draw transform; unit wall/roof mesh,"Checkpoint sample, not new simulation. Output rounded to 0.001 m. Capacity is ceiling, not observed use; jobs per Business not whole Building.","artifacts/visual-study/roof-proportions/daylight-near.tsv: draw_index 39, building_id 40"
G040,R01,roof_pitch_degrees,31.586,degrees,documented,Deterministic reconstruction from recorded geometry + code,"Checkpoint sample, not new simulation. Output rounded to 0.001 m. Capacity is ceiling, not observed use; jobs per Business not whole Building.","artifacts/visual-study/roof-proportions/daylight-near.tsv: draw_index 39, building_id 40"
G041,R01,east_west_m,24.0,m,documented,Recorded draw transform; unit wall/roof mesh,"Checkpoint sample, not new simulation. Output rounded to 0.001 m. Capacity is ceiling, not observed use; jobs per Business not whole Building.","artifacts/visual-study/roof-proportions/daylight-near.tsv: draw_index 40, building_id 41"
G041,R01,south_north_m,20.0,m,documented,Recorded draw transform; unit wall/roof mesh,"Checkpoint sample, not new simulation. Output rounded to 0.001 m. Capacity is ceiling, not observed use; jobs per Business not whole Building.","artifacts/visual-study/roof-proportions/daylight-near.tsv: draw_index 40, building_id 41"
G041,R01,wall_m,10.5,m,documented,Recorded draw transform; unit wall/roof mesh,"Checkpoint sample, not new simulation. Output rounded to 0.001 m. Capacity is ceiling, not observed use; jobs per Business not whole Building.","artifacts/visual-study/roof-proportions/daylight-near.tsv: draw_index 40, building_id 41"
G041,R01,floor_m2,1440,m2,documented,Deterministic reconstruction from recorded geometry + code,"Checkpoint sample, not new simulation. Output rounded to 0.001 m. Capacity is ceiling, not observed use; jobs per Business not whole Building.","artifacts/visual-study/roof-proportions/daylight-near.tsv: draw_index 40, building_id 41"
G041,R01,tenancy_capacity,3,tenancies,documented,Deterministic reconstruction from recorded geometry + code,"Checkpoint sample, not new simulation. Output rounded to 0.001 m. Capacity is ceiling, not observed use; jobs per Business not whole Building.","artifacts/visual-study/roof-proportions/daylight-near.tsv: draw_index 40, building_id 41"
G041,R01,jobs_per_premised_business,10,jobs per Business,documented,Deterministic reconstruction from recorded geometry + code,"Checkpoint sample, not new simulation. Output rounded to 0.001 m. Capacity is ceiling, not observed use; jobs per Business not whole Building.","artifacts/visual-study/roof-proportions/daylight-near.tsv: draw_index 40, building_id 41"
G041,R01,roof_rise_m,3.018,m,documented,Recorded draw transform; unit wall/roof mesh,"Checkpoint sample, not new simulation. Output rounded to 0.001 m. Capacity is ceiling, not observed use; jobs per Business not whole Building.","artifacts/visual-study/roof-proportions/daylight-near.tsv: draw_index 40, building_id 41"
G041,R01,roof_pitch_degrees,30.25,degrees,documented,Deterministic reconstruction from recorded geometry + code,"Checkpoint sample, not new simulation. Output rounded to 0.001 m. Capacity is ceiling, not observed use; jobs per Business not whole Building.","artifacts/visual-study/roof-proportions/daylight-near.tsv: draw_index 40, building_id 41"
G042,R01,east_west_m,36.0,m,documented,Recorded draw transform; unit wall/roof mesh,"Checkpoint sample, not new simulation. Output rounded to 0.001 m. Capacity is ceiling, not observed use; jobs per Business not whole Building.","artifacts/visual-study/roof-proportions/daylight-near.tsv: draw_index 41, building_id 42"
G042,R01,south_north_m,24.0,m,documented,Recorded draw transform; unit wall/roof mesh,"Checkpoint sample, not new simulation. Output rounded to 0.001 m. Capacity is ceiling, not observed use; jobs per Business not whole Building.","artifacts/visual-study/roof-proportions/daylight-near.tsv: draw_index 41, building_id 42"
G042,R01,wall_m,10.5,m,documented,Recorded draw transform; unit wall/roof mesh,"Checkpoint sample, not new simulation. Output rounded to 0.001 m. Capacity is ceiling, not observed use; jobs per Business not whole Building.","artifacts/visual-study/roof-proportions/daylight-near.tsv: draw_index 41, building_id 42"
G042,R01,floor_m2,2592,m2,documented,Deterministic reconstruction from recorded geometry + code,"Checkpoint sample, not new simulation. Output rounded to 0.001 m. Capacity is ceiling, not observed use; jobs per Business not whole Building.","artifacts/visual-study/roof-proportions/daylight-near.tsv: draw_index 41, building_id 42"
G042,R01,tenancy_capacity,6,tenancies,documented,Deterministic reconstruction from recorded geometry + code,"Checkpoint sample, not new simulation. Output rounded to 0.001 m. Capacity is ceiling, not observed use; jobs per Business not whole Building.","artifacts/visual-study/roof-proportions/daylight-near.tsv: draw_index 41, building_id 42"
G042,R01,jobs_per_premised_business,9,jobs per Business,documented,Deterministic reconstruction from recorded geometry + code,"Checkpoint sample, not new simulation. Output rounded to 0.001 m. Capacity is ceiling, not observed use; jobs per Business not whole Building.","artifacts/visual-study/roof-proportions/daylight-near.tsv: draw_index 41, building_id 42"
G042,R01,roof_rise_m,3.235,m,documented,Recorded draw transform; unit wall/roof mesh,"Checkpoint sample, not new simulation. Output rounded to 0.001 m. Capacity is ceiling, not observed use; jobs per Business not whole Building.","artifacts/visual-study/roof-proportions/daylight-near.tsv: draw_index 41, building_id 42"
G042,R01,roof_pitch_degrees,27.649,degrees,documented,Deterministic reconstruction from recorded geometry + code,"Checkpoint sample, not new simulation. Output rounded to 0.001 m. Capacity is ceiling, not observed use; jobs per Business not whole Building.","artifacts/visual-study/roof-proportions/daylight-near.tsv: draw_index 41, building_id 42"
G043,R01,east_west_m,40.0,m,documented,Recorded draw transform; unit wall/roof mesh,"Checkpoint sample, not new simulation. Output rounded to 0.001 m. Capacity is ceiling, not observed use; jobs per Business not whole Building.","artifacts/visual-study/roof-proportions/daylight-near.tsv: draw_index 42, building_id 43"
G043,R01,south_north_m,24.0,m,documented,Recorded draw transform; unit wall/roof mesh,"Checkpoint sample, not new simulation. Output rounded to 0.001 m. Capacity is ceiling, not observed use; jobs per Business not whole Building.","artifacts/visual-study/roof-proportions/daylight-near.tsv: draw_index 42, building_id 43"
G043,R01,wall_m,10.5,m,documented,Recorded draw transform; unit wall/roof mesh,"Checkpoint sample, not new simulation. Output rounded to 0.001 m. Capacity is ceiling, not observed use; jobs per Business not whole Building.","artifacts/visual-study/roof-proportions/daylight-near.tsv: draw_index 42, building_id 43"
G043,R01,floor_m2,2880,m2,documented,Deterministic reconstruction from recorded geometry + code,"Checkpoint sample, not new simulation. Output rounded to 0.001 m. Capacity is ceiling, not observed use; jobs per Business not whole Building.","artifacts/visual-study/roof-proportions/daylight-near.tsv: draw_index 42, building_id 43"
G043,R01,tenancy_capacity,7,tenancies,documented,Deterministic reconstruction from recorded geometry + code,"Checkpoint sample, not new simulation. Output rounded to 0.001 m. Capacity is ceiling, not observed use; jobs per Business not whole Building.","artifacts/visual-study/roof-proportions/daylight-near.tsv: draw_index 42, building_id 43"
G043,R01,jobs_per_premised_business,8,jobs per Business,documented,Deterministic reconstruction from recorded geometry + code,"Checkpoint sample, not new simulation. Output rounded to 0.001 m. Capacity is ceiling, not observed use; jobs per Business not whole Building.","artifacts/visual-study/roof-proportions/daylight-near.tsv: draw_index 42, building_id 43"
G043,R01,roof_rise_m,4.111,m,documented,Recorded draw transform; unit wall/roof mesh,"Checkpoint sample, not new simulation. Output rounded to 0.001 m. Capacity is ceiling, not observed use; jobs per Business not whole Building.","artifacts/visual-study/roof-proportions/daylight-near.tsv: draw_index 42, building_id 43"
G043,R01,roof_pitch_degrees,33.654,degrees,documented,Deterministic reconstruction from recorded geometry + code,"Checkpoint sample, not new simulation. Output rounded to 0.001 m. Capacity is ceiling, not observed use; jobs per Business not whole Building.","artifacts/visual-study/roof-proportions/daylight-near.tsv: draw_index 42, building_id 43"
G044,R01,east_west_m,40.0,m,documented,Recorded draw transform; unit wall/roof mesh,"Checkpoint sample, not new simulation. Output rounded to 0.001 m. Capacity is ceiling, not observed use; jobs per Business not whole Building.","artifacts/visual-study/roof-proportions/daylight-near.tsv: draw_index 43, building_id 44"
G044,R01,south_north_m,24.0,m,documented,Recorded draw transform; unit wall/roof mesh,"Checkpoint sample, not new simulation. Output rounded to 0.001 m. Capacity is ceiling, not observed use; jobs per Business not whole Building.","artifacts/visual-study/roof-proportions/daylight-near.tsv: draw_index 43, building_id 44"
G044,R01,wall_m,10.5,m,documented,Recorded draw transform; unit wall/roof mesh,"Checkpoint sample, not new simulation. Output rounded to 0.001 m. Capacity is ceiling, not observed use; jobs per Business not whole Building.","artifacts/visual-study/roof-proportions/daylight-near.tsv: draw_index 43, building_id 44"
G044,R01,floor_m2,2880,m2,documented,Deterministic reconstruction from recorded geometry + code,"Checkpoint sample, not new simulation. Output rounded to 0.001 m. Capacity is ceiling, not observed use; jobs per Business not whole Building.","artifacts/visual-study/roof-proportions/daylight-near.tsv: draw_index 43, building_id 44"
G044,R01,tenancy_capacity,7,tenancies,documented,Deterministic reconstruction from recorded geometry + code,"Checkpoint sample, not new simulation. Output rounded to 0.001 m. Capacity is ceiling, not observed use; jobs per Business not whole Building.","artifacts/visual-study/roof-proportions/daylight-near.tsv: draw_index 43, building_id 44"
G044,R01,jobs_per_premised_business,8,jobs per Business,documented,Deterministic reconstruction from recorded geometry + code,"Checkpoint sample, not new simulation. Output rounded to 0.001 m. Capacity is ceiling, not observed use; jobs per Business not whole Building.","artifacts/visual-study/roof-proportions/daylight-near.tsv: draw_index 43, building_id 44"
G044,R01,roof_rise_m,3.193,m,documented,Recorded draw transform; unit wall/roof mesh,"Checkpoint sample, not new simulation. Output rounded to 0.001 m. Capacity is ceiling, not observed use; jobs per Business not whole Building.","artifacts/visual-study/roof-proportions/daylight-near.tsv: draw_index 43, building_id 44"
G044,R01,roof_pitch_degrees,27.343,degrees,documented,Deterministic reconstruction from recorded geometry + code,"Checkpoint sample, not new simulation. Output rounded to 0.001 m. Capacity is ceiling, not observed use; jobs per Business not whole Building.","artifacts/visual-study/roof-proportions/daylight-near.tsv: draw_index 43, building_id 44"
G045,R01,east_west_m,36.0,m,documented,Recorded draw transform; unit wall/roof mesh,"Checkpoint sample, not new simulation. Output rounded to 0.001 m. Capacity is ceiling, not observed use; jobs per Business not whole Building.","artifacts/visual-study/roof-proportions/daylight-near.tsv: draw_index 44, building_id 45"
G045,R01,south_north_m,24.0,m,documented,Recorded draw transform; unit wall/roof mesh,"Checkpoint sample, not new simulation. Output rounded to 0.001 m. Capacity is ceiling, not observed use; jobs per Business not whole Building.","artifacts/visual-study/roof-proportions/daylight-near.tsv: draw_index 44, building_id 45"
G045,R01,wall_m,7.0,m,documented,Recorded draw transform; unit wall/roof mesh,"Checkpoint sample, not new simulation. Output rounded to 0.001 m. Capacity is ceiling, not observed use; jobs per Business not whole Building.","artifacts/visual-study/roof-proportions/daylight-near.tsv: draw_index 44, building_id 45"
G045,R01,floor_m2,1728,m2,documented,Deterministic reconstruction from recorded geometry + code,"Checkpoint sample, not new simulation. Output rounded to 0.001 m. Capacity is ceiling, not observed use; jobs per Business not whole Building.","artifacts/visual-study/roof-proportions/daylight-near.tsv: draw_index 44, building_id 45"
G045,R01,tenancy_capacity,4,tenancies,documented,Deterministic reconstruction from recorded geometry + code,"Checkpoint sample, not new simulation. Output rounded to 0.001 m. Capacity is ceiling, not observed use; jobs per Business not whole Building.","artifacts/visual-study/roof-proportions/daylight-near.tsv: draw_index 44, building_id 45"
G045,R01,jobs_per_premised_business,9,jobs per Business,documented,Deterministic reconstruction from recorded geometry + code,"Checkpoint sample, not new simulation. Output rounded to 0.001 m. Capacity is ceiling, not observed use; jobs per Business not whole Building.","artifacts/visual-study/roof-proportions/daylight-near.tsv: draw_index 44, building_id 45"
G045,R01,roof_rise_m,4.144,m,documented,Recorded draw transform; unit wall/roof mesh,"Checkpoint sample, not new simulation. Output rounded to 0.001 m. Capacity is ceiling, not observed use; jobs per Business not whole Building.","artifacts/visual-study/roof-proportions/daylight-near.tsv: draw_index 44, building_id 45"
G045,R01,roof_pitch_degrees,33.865,degrees,documented,Deterministic reconstruction from recorded geometry + code,"Checkpoint sample, not new simulation. Output rounded to 0.001 m. Capacity is ceiling, not observed use; jobs per Business not whole Building.","artifacts/visual-study/roof-proportions/daylight-near.tsv: draw_index 44, building_id 45"
G046,R01,east_west_m,20.0,m,documented,Recorded draw transform; unit wall/roof mesh,"Checkpoint sample, not new simulation. Output rounded to 0.001 m. Capacity is ceiling, not observed use; jobs per Business not whole Building.","artifacts/visual-study/roof-proportions/daylight-near.tsv: draw_index 45, building_id 46"
G046,R01,south_north_m,20.0,m,documented,Recorded draw transform; unit wall/roof mesh,"Checkpoint sample, not new simulation. Output rounded to 0.001 m. Capacity is ceiling, not observed use; jobs per Business not whole Building.","artifacts/visual-study/roof-proportions/daylight-near.tsv: draw_index 45, building_id 46"
G046,R01,wall_m,10.5,m,documented,Recorded draw transform; unit wall/roof mesh,"Checkpoint sample, not new simulation. Output rounded to 0.001 m. Capacity is ceiling, not observed use; jobs per Business not whole Building.","artifacts/visual-study/roof-proportions/daylight-near.tsv: draw_index 45, building_id 46"
G046,R01,floor_m2,1200,m2,documented,Deterministic reconstruction from recorded geometry + code,"Checkpoint sample, not new simulation. Output rounded to 0.001 m. Capacity is ceiling, not observed use; jobs per Business not whole Building.","artifacts/visual-study/roof-proportions/daylight-near.tsv: draw_index 45, building_id 46"
G046,R01,tenancy_capacity,3,tenancies,documented,Deterministic reconstruction from recorded geometry + code,"Checkpoint sample, not new simulation. Output rounded to 0.001 m. Capacity is ceiling, not observed use; jobs per Business not whole Building.","artifacts/visual-study/roof-proportions/daylight-near.tsv: draw_index 45, building_id 46"
G046,R01,jobs_per_premised_business,8,jobs per Business,documented,Deterministic reconstruction from recorded geometry + code,"Checkpoint sample, not new simulation. Output rounded to 0.001 m. Capacity is ceiling, not observed use; jobs per Business not whole Building.","artifacts/visual-study/roof-proportions/daylight-near.tsv: draw_index 45, building_id 46"
G046,R01,roof_rise_m,2.837,m,documented,Recorded draw transform; unit wall/roof mesh,"Checkpoint sample, not new simulation. Output rounded to 0.001 m. Capacity is ceiling, not observed use; jobs per Business not whole Building.","artifacts/visual-study/roof-proportions/daylight-near.tsv: draw_index 45, building_id 46"
G046,R01,roof_pitch_degrees,28.732,degrees,documented,Deterministic reconstruction from recorded geometry + code,"Checkpoint sample, not new simulation. Output rounded to 0.001 m. Capacity is ceiling, not observed use; jobs per Business not whole Building.","artifacts/visual-study/roof-proportions/daylight-near.tsv: draw_index 45, building_id 46"
G047,R01,east_west_m,60.0,m,documented,Recorded draw transform; unit wall/roof mesh,"Checkpoint sample, not new simulation. Output rounded to 0.001 m. Capacity is ceiling, not observed use; jobs per Business not whole Building.","artifacts/visual-study/roof-proportions/daylight-near.tsv: draw_index 46, building_id 47"
G047,R01,south_north_m,24.0,m,documented,Recorded draw transform; unit wall/roof mesh,"Checkpoint sample, not new simulation. Output rounded to 0.001 m. Capacity is ceiling, not observed use; jobs per Business not whole Building.","artifacts/visual-study/roof-proportions/daylight-near.tsv: draw_index 46, building_id 47"
G047,R01,wall_m,10.5,m,documented,Recorded draw transform; unit wall/roof mesh,"Checkpoint sample, not new simulation. Output rounded to 0.001 m. Capacity is ceiling, not observed use; jobs per Business not whole Building.","artifacts/visual-study/roof-proportions/daylight-near.tsv: draw_index 46, building_id 47"
G047,R01,floor_m2,4320,m2,documented,Deterministic reconstruction from recorded geometry + code,"Checkpoint sample, not new simulation. Output rounded to 0.001 m. Capacity is ceiling, not observed use; jobs per Business not whole Building.","artifacts/visual-study/roof-proportions/daylight-near.tsv: draw_index 46, building_id 47"
G047,R01,tenancy_capacity,10,tenancies,documented,Deterministic reconstruction from recorded geometry + code,"Checkpoint sample, not new simulation. Output rounded to 0.001 m. Capacity is ceiling, not observed use; jobs per Business not whole Building.","artifacts/visual-study/roof-proportions/daylight-near.tsv: draw_index 46, building_id 47"
G047,R01,jobs_per_premised_business,9,jobs per Business,documented,Deterministic reconstruction from recorded geometry + code,"Checkpoint sample, not new simulation. Output rounded to 0.001 m. Capacity is ceiling, not observed use; jobs per Business not whole Building.","artifacts/visual-study/roof-proportions/daylight-near.tsv: draw_index 46, building_id 47"
G047,R01,roof_rise_m,3.922,m,documented,Recorded draw transform; unit wall/roof mesh,"Checkpoint sample, not new simulation. Output rounded to 0.001 m. Capacity is ceiling, not observed use; jobs per Business not whole Building.","artifacts/visual-study/roof-proportions/daylight-near.tsv: draw_index 46, building_id 47"
G047,R01,roof_pitch_degrees,32.421,degrees,documented,Deterministic reconstruction from recorded geometry + code,"Checkpoint sample, not new simulation. Output rounded to 0.001 m. Capacity is ceiling, not observed use; jobs per Business not whole Building.","artifacts/visual-study/roof-proportions/daylight-near.tsv: draw_index 46, building_id 47"
G048,R01,east_west_m,48.0,m,documented,Recorded draw transform; unit wall/roof mesh,"Checkpoint sample, not new simulation. Output rounded to 0.001 m. Capacity is ceiling, not observed use; jobs per Business not whole Building.","artifacts/visual-study/roof-proportions/daylight-near.tsv: draw_index 47, building_id 48"
G048,R01,south_north_m,28.0,m,documented,Recorded draw transform; unit wall/roof mesh,"Checkpoint sample, not new simulation. Output rounded to 0.001 m. Capacity is ceiling, not observed use; jobs per Business not whole Building.","artifacts/visual-study/roof-proportions/daylight-near.tsv: draw_index 47, building_id 48"
G048,R01,wall_m,10.5,m,documented,Recorded draw transform; unit wall/roof mesh,"Checkpoint sample, not new simulation. Output rounded to 0.001 m. Capacity is ceiling, not observed use; jobs per Business not whole Building.","artifacts/visual-study/roof-proportions/daylight-near.tsv: draw_index 47, building_id 48"
G048,R01,floor_m2,4032,m2,documented,Deterministic reconstruction from recorded geometry + code,"Checkpoint sample, not new simulation. Output rounded to 0.001 m. Capacity is ceiling, not observed use; jobs per Business not whole Building.","artifacts/visual-study/roof-proportions/daylight-near.tsv: draw_index 47, building_id 48"
G048,R01,tenancy_capacity,10,tenancies,documented,Deterministic reconstruction from recorded geometry + code,"Checkpoint sample, not new simulation. Output rounded to 0.001 m. Capacity is ceiling, not observed use; jobs per Business not whole Building.","artifacts/visual-study/roof-proportions/daylight-near.tsv: draw_index 47, building_id 48"
G048,R01,jobs_per_premised_business,8,jobs per Business,documented,Deterministic reconstruction from recorded geometry + code,"Checkpoint sample, not new simulation. Output rounded to 0.001 m. Capacity is ceiling, not observed use; jobs per Business not whole Building.","artifacts/visual-study/roof-proportions/daylight-near.tsv: draw_index 47, building_id 48"
G048,R01,roof_rise_m,3.676,m,documented,Recorded draw transform; unit wall/roof mesh,"Checkpoint sample, not new simulation. Output rounded to 0.001 m. Capacity is ceiling, not observed use; jobs per Business not whole Building.","artifacts/visual-study/roof-proportions/daylight-near.tsv: draw_index 47, building_id 48"
G048,R01,roof_pitch_degrees,27.128,degrees,documented,Deterministic reconstruction from recorded geometry + code,"Checkpoint sample, not new simulation. Output rounded to 0.001 m. Capacity is ceiling, not observed use; jobs per Business not whole Building.","artifacts/visual-study/roof-proportions/daylight-near.tsv: draw_index 47, building_id 48"
G049,R01,east_west_m,20.0,m,documented,Recorded draw transform; unit wall/roof mesh,"Checkpoint sample, not new simulation. Output rounded to 0.001 m. Capacity is ceiling, not observed use; jobs per Business not whole Building.","artifacts/visual-study/roof-proportions/daylight-near.tsv: draw_index 48, building_id 49"
G049,R01,south_north_m,24.0,m,documented,Recorded draw transform; unit wall/roof mesh,"Checkpoint sample, not new simulation. Output rounded to 0.001 m. Capacity is ceiling, not observed use; jobs per Business not whole Building.","artifacts/visual-study/roof-proportions/daylight-near.tsv: draw_index 48, building_id 49"
G049,R01,wall_m,7.0,m,documented,Recorded draw transform; unit wall/roof mesh,"Checkpoint sample, not new simulation. Output rounded to 0.001 m. Capacity is ceiling, not observed use; jobs per Business not whole Building.","artifacts/visual-study/roof-proportions/daylight-near.tsv: draw_index 48, building_id 49"
G049,R01,floor_m2,960,m2,documented,Deterministic reconstruction from recorded geometry + code,"Checkpoint sample, not new simulation. Output rounded to 0.001 m. Capacity is ceiling, not observed use; jobs per Business not whole Building.","artifacts/visual-study/roof-proportions/daylight-near.tsv: draw_index 48, building_id 49"
G049,R01,tenancy_capacity,2,tenancies,documented,Deterministic reconstruction from recorded geometry + code,"Checkpoint sample, not new simulation. Output rounded to 0.001 m. Capacity is ceiling, not observed use; jobs per Business not whole Building.","artifacts/visual-study/roof-proportions/daylight-near.tsv: draw_index 48, building_id 49"
G049,R01,jobs_per_premised_business,10,jobs per Business,documented,Deterministic reconstruction from recorded geometry + code,"Checkpoint sample, not new simulation. Output rounded to 0.001 m. Capacity is ceiling, not observed use; jobs per Business not whole Building.","artifacts/visual-study/roof-proportions/daylight-near.tsv: draw_index 48, building_id 49"
G049,R01,roof_rise_m,3.092,m,documented,Recorded draw transform; unit wall/roof mesh,"Checkpoint sample, not new simulation. Output rounded to 0.001 m. Capacity is ceiling, not observed use; jobs per Business not whole Building.","artifacts/visual-study/roof-proportions/daylight-near.tsv: draw_index 48, building_id 49"
G049,R01,roof_pitch_degrees,30.858,degrees,documented,Deterministic reconstruction from recorded geometry + code,"Checkpoint sample, not new simulation. Output rounded to 0.001 m. Capacity is ceiling, not observed use; jobs per Business not whole Building.","artifacts/visual-study/roof-proportions/daylight-near.tsv: draw_index 48, building_id 49"
G050,R01,east_west_m,28.0,m,documented,Recorded draw transform; unit wall/roof mesh,"Checkpoint sample, not new simulation. Output rounded to 0.001 m. Capacity is ceiling, not observed use; jobs per Business not whole Building.","artifacts/visual-study/roof-proportions/daylight-near.tsv: draw_index 49, building_id 50"
G050,R01,south_north_m,16.0,m,documented,Recorded draw transform; unit wall/roof mesh,"Checkpoint sample, not new simulation. Output rounded to 0.001 m. Capacity is ceiling, not observed use; jobs per Business not whole Building.","artifacts/visual-study/roof-proportions/daylight-near.tsv: draw_index 49, building_id 50"
G050,R01,wall_m,10.5,m,documented,Recorded draw transform; unit wall/roof mesh,"Checkpoint sample, not new simulation. Output rounded to 0.001 m. Capacity is ceiling, not observed use; jobs per Business not whole Building.","artifacts/visual-study/roof-proportions/daylight-near.tsv: draw_index 49, building_id 50"
G050,R01,floor_m2,1344,m2,documented,Deterministic reconstruction from recorded geometry + code,"Checkpoint sample, not new simulation. Output rounded to 0.001 m. Capacity is ceiling, not observed use; jobs per Business not whole Building.","artifacts/visual-study/roof-proportions/daylight-near.tsv: draw_index 49, building_id 50"
G050,R01,tenancy_capacity,3,tenancies,documented,Deterministic reconstruction from recorded geometry + code,"Checkpoint sample, not new simulation. Output rounded to 0.001 m. Capacity is ceiling, not observed use; jobs per Business not whole Building.","artifacts/visual-study/roof-proportions/daylight-near.tsv: draw_index 49, building_id 50"
G050,R01,jobs_per_premised_business,9,jobs per Business,documented,Deterministic reconstruction from recorded geometry + code,"Checkpoint sample, not new simulation. Output rounded to 0.001 m. Capacity is ceiling, not observed use; jobs per Business not whole Building.","artifacts/visual-study/roof-proportions/daylight-near.tsv: draw_index 49, building_id 50"
G050,R01,roof_rise_m,4.013,m,documented,Recorded draw transform; unit wall/roof mesh,"Checkpoint sample, not new simulation. Output rounded to 0.001 m. Capacity is ceiling, not observed use; jobs per Business not whole Building.","artifacts/visual-study/roof-proportions/daylight-near.tsv: draw_index 49, building_id 50"
G050,R01,roof_pitch_degrees,25.669,degrees,documented,Deterministic reconstruction from recorded geometry + code,"Checkpoint sample, not new simulation. Output rounded to 0.001 m. Capacity is ceiling, not observed use; jobs per Business not whole Building.","artifacts/visual-study/roof-proportions/daylight-near.tsv: draw_index 49, building_id 50"
G051,R01,east_west_m,52.0,m,documented,Recorded draw transform; unit wall/roof mesh,"Checkpoint sample, not new simulation. Output rounded to 0.001 m. Capacity is ceiling, not observed use; jobs per Business not whole Building.","artifacts/visual-study/roof-proportions/daylight-near.tsv: draw_index 50, building_id 51"
G051,R01,south_north_m,20.0,m,documented,Recorded draw transform; unit wall/roof mesh,"Checkpoint sample, not new simulation. Output rounded to 0.001 m. Capacity is ceiling, not observed use; jobs per Business not whole Building.","artifacts/visual-study/roof-proportions/daylight-near.tsv: draw_index 50, building_id 51"
G051,R01,wall_m,10.5,m,documented,Recorded draw transform; unit wall/roof mesh,"Checkpoint sample, not new simulation. Output rounded to 0.001 m. Capacity is ceiling, not observed use; jobs per Business not whole Building.","artifacts/visual-study/roof-proportions/daylight-near.tsv: draw_index 50, building_id 51"
G051,R01,floor_m2,3120,m2,documented,Deterministic reconstruction from recorded geometry + code,"Checkpoint sample, not new simulation. Output rounded to 0.001 m. Capacity is ceiling, not observed use; jobs per Business not whole Building.","artifacts/visual-study/roof-proportions/daylight-near.tsv: draw_index 50, building_id 51"
G051,R01,tenancy_capacity,7,tenancies,documented,Deterministic reconstruction from recorded geometry + code,"Checkpoint sample, not new simulation. Output rounded to 0.001 m. Capacity is ceiling, not observed use; jobs per Business not whole Building.","artifacts/visual-study/roof-proportions/daylight-near.tsv: draw_index 50, building_id 51"
G051,R01,jobs_per_premised_business,9,jobs per Business,documented,Deterministic reconstruction from recorded geometry + code,"Checkpoint sample, not new simulation. Output rounded to 0.001 m. Capacity is ceiling, not observed use; jobs per Business not whole Building.","artifacts/visual-study/roof-proportions/daylight-near.tsv: draw_index 50, building_id 51"
G051,R01,roof_rise_m,3.347,m,documented,Recorded draw transform; unit wall/roof mesh,"Checkpoint sample, not new simulation. Output rounded to 0.001 m. Capacity is ceiling, not observed use; jobs per Business not whole Building.","artifacts/visual-study/roof-proportions/daylight-near.tsv: draw_index 50, building_id 51"
G051,R01,roof_pitch_degrees,32.893,degrees,documented,Deterministic reconstruction from recorded geometry + code,"Checkpoint sample, not new simulation. Output rounded to 0.001 m. Capacity is ceiling, not observed use; jobs per Business not whole Building.","artifacts/visual-study/roof-proportions/daylight-near.tsv: draw_index 50, building_id 51"
G052,R01,east_west_m,24.0,m,documented,Recorded draw transform; unit wall/roof mesh,"Checkpoint sample, not new simulation. Output rounded to 0.001 m. Capacity is ceiling, not observed use; jobs per Business not whole Building.","artifacts/visual-study/roof-proportions/daylight-near.tsv: draw_index 51, building_id 52"
G052,R01,south_north_m,24.0,m,documented,Recorded draw transform; unit wall/roof mesh,"Checkpoint sample, not new simulation. Output rounded to 0.001 m. Capacity is ceiling, not observed use; jobs per Business not whole Building.","artifacts/visual-study/roof-proportions/daylight-near.tsv: draw_index 51, building_id 52"
G052,R01,wall_m,10.5,m,documented,Recorded draw transform; unit wall/roof mesh,"Checkpoint sample, not new simulation. Output rounded to 0.001 m. Capacity is ceiling, not observed use; jobs per Business not whole Building.","artifacts/visual-study/roof-proportions/daylight-near.tsv: draw_index 51, building_id 52"
G052,R01,floor_m2,1728,m2,documented,Deterministic reconstruction from recorded geometry + code,"Checkpoint sample, not new simulation. Output rounded to 0.001 m. Capacity is ceiling, not observed use; jobs per Business not whole Building.","artifacts/visual-study/roof-proportions/daylight-near.tsv: draw_index 51, building_id 52"
G052,R01,tenancy_capacity,4,tenancies,documented,Deterministic reconstruction from recorded geometry + code,"Checkpoint sample, not new simulation. Output rounded to 0.001 m. Capacity is ceiling, not observed use; jobs per Business not whole Building.","artifacts/visual-study/roof-proportions/daylight-near.tsv: draw_index 51, building_id 52"
G052,R01,jobs_per_premised_business,9,jobs per Business,documented,Deterministic reconstruction from recorded geometry + code,"Checkpoint sample, not new simulation. Output rounded to 0.001 m. Capacity is ceiling, not observed use; jobs per Business not whole Building.","artifacts/visual-study/roof-proportions/daylight-near.tsv: draw_index 51, building_id 52"
G052,R01,roof_rise_m,3.367,m,documented,Recorded draw transform; unit wall/roof mesh,"Checkpoint sample, not new simulation. Output rounded to 0.001 m. Capacity is ceiling, not observed use; jobs per Business not whole Building.","artifacts/visual-study/roof-proportions/daylight-near.tsv: draw_index 51, building_id 52"
G052,R01,roof_pitch_degrees,28.602,degrees,documented,Deterministic reconstruction from recorded geometry + code,"Checkpoint sample, not new simulation. Output rounded to 0.001 m. Capacity is ceiling, not observed use; jobs per Business not whole Building.","artifacts/visual-study/roof-proportions/daylight-near.tsv: draw_index 51, building_id 52"
