example_id,source_id,quantity,value,units,evidence_status,method,caveat,sheet_page
G001,R01,east_west_m,36.0,m,documented,Recorded draw transform; unit wall/roof mesh,"Checkpoint sample, not new simulation. Output rounded to 0.001 m. Capacity is ceiling, not observed use; jobs per Business not whole Building.","artifacts/visual-study/roof-proportions/daylight-near.tsv: draw_index 0, building_id 1"
G001,R01,south_north_m,20.0,m,documented,Recorded draw transform; unit wall/roof mesh,"Checkpoint sample, not new simulation. Output rounded to 0.001 m. Capacity is ceiling, not observed use; jobs per Business not whole Building.","artifacts/visual-study/roof-proportions/daylight-near.tsv: draw_index 0, building_id 1"
G001,R01,wall_m,7.0,m,documented,Recorded draw transform; unit wall/roof mesh,"Checkpoint sample, not new simulation. Output rounded to 0.001 m. Capacity is ceiling, not observed use; jobs per Business not whole Building.","artifacts/visual-study/roof-proportions/daylight-near.tsv: draw_index 0, building_id 1"
G001,R01,floor_m2,1440,m2,documented,Deterministic reconstruction from recorded geometry + code,"Checkpoint sample, not new simulation. Output rounded to 0.001 m. Capacity is ceiling, not observed use; jobs per Business not whole Building.","artifacts/visual-study/roof-proportions/daylight-near.tsv: draw_index 0, building_id 1"
G001,R01,tenancy_capacity,3,tenancies,documented,Deterministic reconstruction from recorded geometry + code,"Checkpoint sample, not new simulation. Output rounded to 0.001 m. Capacity is ceiling, not observed use; jobs per Business not whole Building.","artifacts/visual-study/roof-proportions/daylight-near.tsv: draw_index 0, building_id 1"
G001,R01,jobs_per_premised_business,10,jobs per Business,documented,Deterministic reconstruction from recorded geometry + code,"Checkpoint sample, not new simulation. Output rounded to 0.001 m. Capacity is ceiling, not observed use; jobs per Business not whole Building.","artifacts/visual-study/roof-proportions/daylight-near.tsv: draw_index 0, building_id 1"
G001,R01,roof_rise_m,2.676,m,documented,Recorded draw transform; unit wall/roof mesh,"Checkpoint sample, not new simulation. Output rounded to 0.001 m. Capacity is ceiling, not observed use; jobs per Business not whole Building.","artifacts/visual-study/roof-proportions/daylight-near.tsv: draw_index 0, building_id 1"
G001,R01,roof_pitch_degrees,27.344,degrees,documented,Deterministic reconstruction from recorded geometry + code,"Checkpoint sample, not new simulation. Output rounded to 0.001 m. Capacity is ceiling, not observed use; jobs per Business not whole Building.","artifacts/visual-study/roof-proportions/daylight-near.tsv: draw_index 0, building_id 1"
G002,R01,east_west_m,32.0,m,documented,Recorded draw transform; unit wall/roof mesh,"Checkpoint sample, not new simulation. Output rounded to 0.001 m. Capacity is ceiling, not observed use; jobs per Business not whole Building.","artifacts/visual-study/roof-proportions/daylight-near.tsv: draw_index 1, building_id 2"
G002,R01,south_north_m,24.0,m,documented,Recorded draw transform; unit wall/roof mesh,"Checkpoint sample, not new simulation. Output rounded to 0.001 m. Capacity is ceiling, not observed use; jobs per Business not whole Building.","artifacts/visual-study/roof-proportions/daylight-near.tsv: draw_index 1, building_id 2"
G002,R01,wall_m,10.5,m,documented,Recorded draw transform; unit wall/roof mesh,"Checkpoint sample, not new simulation. Output rounded to 0.001 m. Capacity is ceiling, not observed use; jobs per Business not whole Building.","artifacts/visual-study/roof-proportions/daylight-near.tsv: draw_index 1, building_id 2"
G002,R01,floor_m2,2304,m2,documented,Deterministic reconstruction from recorded geometry + code,"Checkpoint sample, not new simulation. Output rounded to 0.001 m. Capacity is ceiling, not observed use; jobs per Business not whole Building.","artifacts/visual-study/roof-proportions/daylight-near.tsv: draw_index 1, building_id 2"
G002,R01,tenancy_capacity,5,tenancies,documented,Deterministic reconstruction from recorded geometry + code,"Checkpoint sample, not new simulation. Output rounded to 0.001 m. Capacity is ceiling, not observed use; jobs per Business not whole Building.","artifacts/visual-study/roof-proportions/daylight-near.tsv: draw_index 1, building_id 2"
G002,R01,jobs_per_premised_business,9,jobs per Business,documented,Deterministic reconstruction from recorded geometry + code,"Checkpoint sample, not new simulation. Output rounded to 0.001 m. Capacity is ceiling, not observed use; jobs per Business not whole Building.","artifacts/visual-study/roof-proportions/daylight-near.tsv: draw_index 1, building_id 2"
G002,R01,roof_rise_m,3.249,m,documented,Recorded draw transform; unit wall/roof mesh,"Checkpoint sample, not new simulation. Output rounded to 0.001 m. Capacity is ceiling, not observed use; jobs per Business not whole Building.","artifacts/visual-study/roof-proportions/daylight-near.tsv: draw_index 1, building_id 2"
G002,R01,roof_pitch_degrees,27.751,degrees,documented,Deterministic reconstruction from recorded geometry + code,"Checkpoint sample, not new simulation. Output rounded to 0.001 m. Capacity is ceiling, not observed use; jobs per Business not whole Building.","artifacts/visual-study/roof-proportions/daylight-near.tsv: draw_index 1, building_id 2"
G003,R01,east_west_m,24.0,m,documented,Recorded draw transform; unit wall/roof mesh,"Checkpoint sample, not new simulation. Output rounded to 0.001 m. Capacity is ceiling, not observed use; jobs per Business not whole Building.","artifacts/visual-study/roof-proportions/daylight-near.tsv: draw_index 2, building_id 3"
G003,R01,south_north_m,16.0,m,documented,Recorded draw transform; unit wall/roof mesh,"Checkpoint sample, not new simulation. Output rounded to 0.001 m. Capacity is ceiling, not observed use; jobs per Business not whole Building.","artifacts/visual-study/roof-proportions/daylight-near.tsv: draw_index 2, building_id 3"
G003,R01,wall_m,10.5,m,documented,Recorded draw transform; unit wall/roof mesh,"Checkpoint sample, not new simulation. Output rounded to 0.001 m. Capacity is ceiling, not observed use; jobs per Business not whole Building.","artifacts/visual-study/roof-proportions/daylight-near.tsv: draw_index 2, building_id 3"
G003,R01,floor_m2,1152,m2,documented,Deterministic reconstruction from recorded geometry + code,"Checkpoint sample, not new simulation. Output rounded to 0.001 m. Capacity is ceiling, not observed use; jobs per Business not whole Building.","artifacts/visual-study/roof-proportions/daylight-near.tsv: draw_index 2, building_id 3"
G003,R01,tenancy_capacity,2,tenancies,documented,Deterministic reconstruction from recorded geometry + code,"Checkpoint sample, not new simulation. Output rounded to 0.001 m. Capacity is ceiling, not observed use; jobs per Business not whole Building.","artifacts/visual-study/roof-proportions/daylight-near.tsv: draw_index 2, building_id 3"
G003,R01,jobs_per_premised_business,12,jobs per Business,documented,Deterministic reconstruction from recorded geometry + code,"Checkpoint sample, not new simulation. Output rounded to 0.001 m. Capacity is ceiling, not observed use; jobs per Business not whole Building.","artifacts/visual-study/roof-proportions/daylight-near.tsv: draw_index 2, building_id 3"
G003,R01,roof_rise_m,4.125,m,documented,Recorded draw transform; unit wall/roof mesh,"Checkpoint sample, not new simulation. Output rounded to 0.001 m. Capacity is ceiling, not observed use; jobs per Business not whole Building.","artifacts/visual-study/roof-proportions/daylight-near.tsv: draw_index 2, building_id 3"
G003,R01,roof_pitch_degrees,26.29,degrees,documented,Deterministic reconstruction from recorded geometry + code,"Checkpoint sample, not new simulation. Output rounded to 0.001 m. Capacity is ceiling, not observed use; jobs per Business not whole Building.","artifacts/visual-study/roof-proportions/daylight-near.tsv: draw_index 2, building_id 3"
G004,R01,east_west_m,52.0,m,documented,Recorded draw transform; unit wall/roof mesh,"Checkpoint sample, not new simulation. Output rounded to 0.001 m. Capacity is ceiling, not observed use; jobs per Business not whole Building.","artifacts/visual-study/roof-proportions/daylight-near.tsv: draw_index 3, building_id 4"
G004,R01,south_north_m,24.0,m,documented,Recorded draw transform; unit wall/roof mesh,"Checkpoint sample, not new simulation. Output rounded to 0.001 m. Capacity is ceiling, not observed use; jobs per Business not whole Building.","artifacts/visual-study/roof-proportions/daylight-near.tsv: draw_index 3, building_id 4"
G004,R01,wall_m,7.0,m,documented,Recorded draw transform; unit wall/roof mesh,"Checkpoint sample, not new simulation. Output rounded to 0.001 m. Capacity is ceiling, not observed use; jobs per Business not whole Building.","artifacts/visual-study/roof-proportions/daylight-near.tsv: draw_index 3, building_id 4"
G004,R01,floor_m2,2496,m2,documented,Deterministic reconstruction from recorded geometry + code,"Checkpoint sample, not new simulation. Output rounded to 0.001 m. Capacity is ceiling, not observed use; jobs per Business not whole Building.","artifacts/visual-study/roof-proportions/daylight-near.tsv: draw_index 3, building_id 4"
G004,R01,tenancy_capacity,6,tenancies,documented,Deterministic reconstruction from recorded geometry + code,"Checkpoint sample, not new simulation. Output rounded to 0.001 m. Capacity is ceiling, not observed use; jobs per Business not whole Building.","artifacts/visual-study/roof-proportions/daylight-near.tsv: draw_index 3, building_id 4"
G004,R01,jobs_per_premised_business,8,jobs per Business,documented,Deterministic reconstruction from recorded geometry + code,"Checkpoint sample, not new simulation. Output rounded to 0.001 m. Capacity is ceiling, not observed use; jobs per Business not whole Building.","artifacts/visual-study/roof-proportions/daylight-near.tsv: draw_index 3, building_id 4"
G004,R01,roof_rise_m,4.068,m,documented,Recorded draw transform; unit wall/roof mesh,"Checkpoint sample, not new simulation. Output rounded to 0.001 m. Capacity is ceiling, not observed use; jobs per Business not whole Building.","artifacts/visual-study/roof-proportions/daylight-near.tsv: draw_index 3, building_id 4"
G004,R01,roof_pitch_degrees,33.376,degrees,documented,Deterministic reconstruction from recorded geometry + code,"Checkpoint sample, not new simulation. Output rounded to 0.001 m. Capacity is ceiling, not observed use; jobs per Business not whole Building.","artifacts/visual-study/roof-proportions/daylight-near.tsv: draw_index 3, building_id 4"
G005,R01,east_west_m,60.0,m,documented,Recorded draw transform; unit wall/roof mesh,"Checkpoint sample, not new simulation. Output rounded to 0.001 m. Capacity is ceiling, not observed use; jobs per Business not whole Building.","artifacts/visual-study/roof-proportions/daylight-near.tsv: draw_index 4, building_id 5"
G005,R01,south_north_m,24.0,m,documented,Recorded draw transform; unit wall/roof mesh,"Checkpoint sample, not new simulation. Output rounded to 0.001 m. Capacity is ceiling, not observed use; jobs per Business not whole Building.","artifacts/visual-study/roof-proportions/daylight-near.tsv: draw_index 4, building_id 5"
G005,R01,wall_m,10.5,m,documented,Recorded draw transform; unit wall/roof mesh,"Checkpoint sample, not new simulation. Output rounded to 0.001 m. Capacity is ceiling, not observed use; jobs per Business not whole Building.","artifacts/visual-study/roof-proportions/daylight-near.tsv: draw_index 4, building_id 5"
G005,R01,floor_m2,4320,m2,documented,Deterministic reconstruction from recorded geometry + code,"Checkpoint sample, not new simulation. Output rounded to 0.001 m. Capacity is ceiling, not observed use; jobs per Business not whole Building.","artifacts/visual-study/roof-proportions/daylight-near.tsv: draw_index 4, building_id 5"
G005,R01,tenancy_capacity,10,tenancies,documented,Deterministic reconstruction from recorded geometry + code,"Checkpoint sample, not new simulation. Output rounded to 0.001 m. Capacity is ceiling, not observed use; jobs per Business not whole Building.","artifacts/visual-study/roof-proportions/daylight-near.tsv: draw_index 4, building_id 5"
G005,R01,jobs_per_premised_business,9,jobs per Business,documented,Deterministic reconstruction from recorded geometry + code,"Checkpoint sample, not new simulation. Output rounded to 0.001 m. Capacity is ceiling, not observed use; jobs per Business not whole Building.","artifacts/visual-study/roof-proportions/daylight-near.tsv: draw_index 4, building_id 5"
G005,R01,roof_rise_m,3.278,m,documented,Recorded draw transform; unit wall/roof mesh,"Checkpoint sample, not new simulation. Output rounded to 0.001 m. Capacity is ceiling, not observed use; jobs per Business not whole Building.","artifacts/visual-study/roof-proportions/daylight-near.tsv: draw_index 4, building_id 5"
G005,R01,roof_pitch_degrees,27.962,degrees,documented,Deterministic reconstruction from recorded geometry + code,"Checkpoint sample, not new simulation. Output rounded to 0.001 m. Capacity is ceiling, not observed use; jobs per Business not whole Building.","artifacts/visual-study/roof-proportions/daylight-near.tsv: draw_index 4, building_id 5"
G006,R01,east_west_m,28.0,m,documented,Recorded draw transform; unit wall/roof mesh,"Checkpoint sample, not new simulation. Output rounded to 0.001 m. Capacity is ceiling, not observed use; jobs per Business not whole Building.","artifacts/visual-study/roof-proportions/daylight-near.tsv: draw_index 5, building_id 6"
G006,R01,south_north_m,28.0,m,documented,Recorded draw transform; unit wall/roof mesh,"Checkpoint sample, not new simulation. Output rounded to 0.001 m. Capacity is ceiling, not observed use; jobs per Business not whole Building.","artifacts/visual-study/roof-proportions/daylight-near.tsv: draw_index 5, building_id 6"
G006,R01,wall_m,7.0,m,documented,Recorded draw transform; unit wall/roof mesh,"Checkpoint sample, not new simulation. Output rounded to 0.001 m. Capacity is ceiling, not observed use; jobs per Business not whole Building.","artifacts/visual-study/roof-proportions/daylight-near.tsv: draw_index 5, building_id 6"
G006,R01,floor_m2,1568,m2,documented,Deterministic reconstruction from recorded geometry + code,"Checkpoint sample, not new simulation. Output rounded to 0.001 m. Capacity is ceiling, not observed use; jobs per Business not whole Building.","artifacts/visual-study/roof-proportions/daylight-near.tsv: draw_index 5, building_id 6"
G006,R01,tenancy_capacity,3,tenancies,documented,Deterministic reconstruction from recorded geometry + code,"Checkpoint sample, not new simulation. Output rounded to 0.001 m. Capacity is ceiling, not observed use; jobs per Business not whole Building.","artifacts/visual-study/roof-proportions/daylight-near.tsv: draw_index 5, building_id 6"
G006,R01,jobs_per_premised_business,10,jobs per Business,documented,Deterministic reconstruction from recorded geometry + code,"Checkpoint sample, not new simulation. Output rounded to 0.001 m. Capacity is ceiling, not observed use; jobs per Business not whole Building.","artifacts/visual-study/roof-proportions/daylight-near.tsv: draw_index 5, building_id 6"
G006,R01,roof_rise_m,4.406,m,documented,Recorded draw transform; unit wall/roof mesh,"Checkpoint sample, not new simulation. Output rounded to 0.001 m. Capacity is ceiling, not observed use; jobs per Business not whole Building.","artifacts/visual-study/roof-proportions/daylight-near.tsv: draw_index 5, building_id 6"
G006,R01,roof_pitch_degrees,31.553,degrees,documented,Deterministic reconstruction from recorded geometry + code,"Checkpoint sample, not new simulation. Output rounded to 0.001 m. Capacity is ceiling, not observed use; jobs per Business not whole Building.","artifacts/visual-study/roof-proportions/daylight-near.tsv: draw_index 5, building_id 6"
G007,R01,east_west_m,20.0,m,documented,Recorded draw transform; unit wall/roof mesh,"Checkpoint sample, not new simulation. Output rounded to 0.001 m. Capacity is ceiling, not observed use; jobs per Business not whole Building.","artifacts/visual-study/roof-proportions/daylight-near.tsv: draw_index 6, building_id 7"
G007,R01,south_north_m,28.0,m,documented,Recorded draw transform; unit wall/roof mesh,"Checkpoint sample, not new simulation. Output rounded to 0.001 m. Capacity is ceiling, not observed use; jobs per Business not whole Building.","artifacts/visual-study/roof-proportions/daylight-near.tsv: draw_index 6, building_id 7"
G007,R01,wall_m,10.5,m,documented,Recorded draw transform; unit wall/roof mesh,"Checkpoint sample, not new simulation. Output rounded to 0.001 m. Capacity is ceiling, not observed use; jobs per Business not whole Building.","artifacts/visual-study/roof-proportions/daylight-near.tsv: draw_index 6, building_id 7"
G007,R01,floor_m2,1680,m2,documented,Deterministic reconstruction from recorded geometry + code,"Checkpoint sample, not new simulation. Output rounded to 0.001 m. Capacity is ceiling, not observed use; jobs per Business not whole Building.","artifacts/visual-study/roof-proportions/daylight-near.tsv: draw_index 6, building_id 7"
G007,R01,tenancy_capacity,4,tenancies,documented,Deterministic reconstruction from recorded geometry + code,"Checkpoint sample, not new simulation. Output rounded to 0.001 m. Capacity is ceiling, not observed use; jobs per Business not whole Building.","artifacts/visual-study/roof-proportions/daylight-near.tsv: draw_index 6, building_id 7"
G007,R01,jobs_per_premised_business,8,jobs per Business,documented,Deterministic reconstruction from recorded geometry + code,"Checkpoint sample, not new simulation. Output rounded to 0.001 m. Capacity is ceiling, not observed use; jobs per Business not whole Building.","artifacts/visual-study/roof-proportions/daylight-near.tsv: draw_index 6, building_id 7"
G007,R01,roof_rise_m,3.382,m,documented,Recorded draw transform; unit wall/roof mesh,"Checkpoint sample, not new simulation. Output rounded to 0.001 m. Capacity is ceiling, not observed use; jobs per Business not whole Building.","artifacts/visual-study/roof-proportions/daylight-near.tsv: draw_index 6, building_id 7"
G007,R01,roof_pitch_degrees,33.166,degrees,documented,Deterministic reconstruction from recorded geometry + code,"Checkpoint sample, not new simulation. Output rounded to 0.001 m. Capacity is ceiling, not observed use; jobs per Business not whole Building.","artifacts/visual-study/roof-proportions/daylight-near.tsv: draw_index 6, building_id 7"
G008,R01,east_west_m,28.0,m,documented,Recorded draw transform; unit wall/roof mesh,"Checkpoint sample, not new simulation. Output rounded to 0.001 m. Capacity is ceiling, not observed use; jobs per Business not whole Building.","artifacts/visual-study/roof-proportions/daylight-near.tsv: draw_index 7, building_id 8"
G008,R01,south_north_m,60.0,m,documented,Recorded draw transform; unit wall/roof mesh,"Checkpoint sample, not new simulation. Output rounded to 0.001 m. Capacity is ceiling, not observed use; jobs per Business not whole Building.","artifacts/visual-study/roof-proportions/daylight-near.tsv: draw_index 7, building_id 8"
G008,R01,wall_m,7.0,m,documented,Recorded draw transform; unit wall/roof mesh,"Checkpoint sample, not new simulation. Output rounded to 0.001 m. Capacity is ceiling, not observed use; jobs per Business not whole Building.","artifacts/visual-study/roof-proportions/daylight-near.tsv: draw_index 7, building_id 8"
G008,R01,floor_m2,3360,m2,documented,Deterministic reconstruction from recorded geometry + code,"Checkpoint sample, not new simulation. Output rounded to 0.001 m. Capacity is ceiling, not observed use; jobs per Business not whole Building.","artifacts/visual-study/roof-proportions/daylight-near.tsv: draw_index 7, building_id 8"
G008,R01,tenancy_capacity,8,tenancies,documented,Deterministic reconstruction from recorded geometry + code,"Checkpoint sample, not new simulation. Output rounded to 0.001 m. Capacity is ceiling, not observed use; jobs per Business not whole Building.","artifacts/visual-study/roof-proportions/daylight-near.tsv: draw_index 7, building_id 8"
G008,R01,jobs_per_premised_business,8,jobs per Business,documented,Deterministic reconstruction from recorded geometry + code,"Checkpoint sample, not new simulation. Output rounded to 0.001 m. Capacity is ceiling, not observed use; jobs per Business not whole Building.","artifacts/visual-study/roof-proportions/daylight-near.tsv: draw_index 7, building_id 8"
G008,R01,roof_rise_m,3.945,m,documented,Recorded draw transform; unit wall/roof mesh,"Checkpoint sample, not new simulation. Output rounded to 0.001 m. Capacity is ceiling, not observed use; jobs per Business not whole Building.","artifacts/visual-study/roof-proportions/daylight-near.tsv: draw_index 7, building_id 8"
G008,R01,roof_pitch_degrees,28.803,degrees,documented,Deterministic reconstruction from recorded geometry + code,"Checkpoint sample, not new simulation. Output rounded to 0.001 m. Capacity is ceiling, not observed use; jobs per Business not whole Building.","artifacts/visual-study/roof-proportions/daylight-near.tsv: draw_index 7, building_id 8"
G009,R01,east_west_m,24.0,m,documented,Recorded draw transform; unit wall/roof mesh,"Checkpoint sample, not new simulation. Output rounded to 0.001 m. Capacity is ceiling, not observed use; jobs per Business not whole Building.","artifacts/visual-study/roof-proportions/daylight-near.tsv: draw_index 8, building_id 9"
G009,R01,south_north_m,20.0,m,documented,Recorded draw transform; unit wall/roof mesh,"Checkpoint sample, not new simulation. Output rounded to 0.001 m. Capacity is ceiling, not observed use; jobs per Business not whole Building.","artifacts/visual-study/roof-proportions/daylight-near.tsv: draw_index 8, building_id 9"
G009,R01,wall_m,7.0,m,documented,Recorded draw transform; unit wall/roof mesh,"Checkpoint sample, not new simulation. Output rounded to 0.001 m. Capacity is ceiling, not observed use; jobs per Business not whole Building.","artifacts/visual-study/roof-proportions/daylight-near.tsv: draw_index 8, building_id 9"
G009,R01,floor_m2,960,m2,documented,Deterministic reconstruction from recorded geometry + code,"Checkpoint sample, not new simulation. Output rounded to 0.001 m. Capacity is ceiling, not observed use; jobs per Business not whole Building.","artifacts/visual-study/roof-proportions/daylight-near.tsv: draw_index 8, building_id 9"
G009,R01,tenancy_capacity,2,tenancies,documented,Deterministic reconstruction from recorded geometry + code,"Checkpoint sample, not new simulation. Output rounded to 0.001 m. Capacity is ceiling, not observed use; jobs per Business not whole Building.","artifacts/visual-study/roof-proportions/daylight-near.tsv: draw_index 8, building_id 9"
G009,R01,jobs_per_premised_business,10,jobs per Business,documented,Deterministic reconstruction from recorded geometry + code,"Checkpoint sample, not new simulation. Output rounded to 0.001 m. Capacity is ceiling, not observed use; jobs per Business not whole Building.","artifacts/visual-study/roof-proportions/daylight-near.tsv: draw_index 8, building_id 9"
G009,R01,roof_rise_m,2.822,m,documented,Recorded draw transform; unit wall/roof mesh,"Checkpoint sample, not new simulation. Output rounded to 0.001 m. Capacity is ceiling, not observed use; jobs per Business not whole Building.","artifacts/visual-study/roof-proportions/daylight-near.tsv: draw_index 8, building_id 9"
G009,R01,roof_pitch_degrees,28.604,degrees,documented,Deterministic reconstruction from recorded geometry + code,"Checkpoint sample, not new simulation. Output rounded to 0.001 m. Capacity is ceiling, not observed use; jobs per Business not whole Building.","artifacts/visual-study/roof-proportions/daylight-near.tsv: draw_index 8, building_id 9"
G010,R01,east_west_m,28.0,m,documented,Recorded draw transform; unit wall/roof mesh,"Checkpoint sample, not new simulation. Output rounded to 0.001 m. Capacity is ceiling, not observed use; jobs per Business not whole Building.","artifacts/visual-study/roof-proportions/daylight-near.tsv: draw_index 9, building_id 10"
G010,R01,south_north_m,20.0,m,documented,Recorded draw transform; unit wall/roof mesh,"Checkpoint sample, not new simulation. Output rounded to 0.001 m. Capacity is ceiling, not observed use; jobs per Business not whole Building.","artifacts/visual-study/roof-proportions/daylight-near.tsv: draw_index 9, building_id 10"
G010,R01,wall_m,10.5,m,documented,Recorded draw transform; unit wall/roof mesh,"Checkpoint sample, not new simulation. Output rounded to 0.001 m. Capacity is ceiling, not observed use; jobs per Business not whole Building.","artifacts/visual-study/roof-proportions/daylight-near.tsv: draw_index 9, building_id 10"
G010,R01,floor_m2,1680,m2,documented,Deterministic reconstruction from recorded geometry + code,"Checkpoint sample, not new simulation. Output rounded to 0.001 m. Capacity is ceiling, not observed use; jobs per Business not whole Building.","artifacts/visual-study/roof-proportions/daylight-near.tsv: draw_index 9, building_id 10"
G010,R01,tenancy_capacity,4,tenancies,documented,Deterministic reconstruction from recorded geometry + code,"Checkpoint sample, not new simulation. Output rounded to 0.001 m. Capacity is ceiling, not observed use; jobs per Business not whole Building.","artifacts/visual-study/roof-proportions/daylight-near.tsv: draw_index 9, building_id 10"
G010,R01,jobs_per_premised_business,8,jobs per Business,documented,Deterministic reconstruction from recorded geometry + code,"Checkpoint sample, not new simulation. Output rounded to 0.001 m. Capacity is ceiling, not observed use; jobs per Business not whole Building.","artifacts/visual-study/roof-proportions/daylight-near.tsv: draw_index 9, building_id 10"
G010,R01,roof_rise_m,2.571,m,documented,Recorded draw transform; unit wall/roof mesh,"Checkpoint sample, not new simulation. Output rounded to 0.001 m. Capacity is ceiling, not observed use; jobs per Business not whole Building.","artifacts/visual-study/roof-proportions/daylight-near.tsv: draw_index 9, building_id 10"
G010,R01,roof_pitch_degrees,26.419,degrees,documented,Deterministic reconstruction from recorded geometry + code,"Checkpoint sample, not new simulation. Output rounded to 0.001 m. Capacity is ceiling, not observed use; jobs per Business not whole Building.","artifacts/visual-study/roof-proportions/daylight-near.tsv: draw_index 9, building_id 10"
G011,R01,east_west_m,20.0,m,documented,Recorded draw transform; unit wall/roof mesh,"Checkpoint sample, not new simulation. Output rounded to 0.001 m. Capacity is ceiling, not observed use; jobs per Business not whole Building.","artifacts/visual-study/roof-proportions/daylight-near.tsv: draw_index 10, building_id 11"
G011,R01,south_north_m,28.0,m,documented,Recorded draw transform; unit wall/roof mesh,"Checkpoint sample, not new simulation. Output rounded to 0.001 m. Capacity is ceiling, not observed use; jobs per Business not whole Building.","artifacts/visual-study/roof-proportions/daylight-near.tsv: draw_index 10, building_id 11"
G011,R01,wall_m,7.0,m,documented,Recorded draw transform; unit wall/roof mesh,"Checkpoint sample, not new simulation. Output rounded to 0.001 m. Capacity is ceiling, not observed use; jobs per Business not whole Building.","artifacts/visual-study/roof-proportions/daylight-near.tsv: draw_index 10, building_id 11"
G011,R01,floor_m2,1120,m2,documented,Deterministic reconstruction from recorded geometry + code,"Checkpoint sample, not new simulation. Output rounded to 0.001 m. Capacity is ceiling, not observed use; jobs per Business not whole Building.","artifacts/visual-study/roof-proportions/daylight-near.tsv: draw_index 10, building_id 11"
G011,R01,tenancy_capacity,2,tenancies,documented,Deterministic reconstruction from recorded geometry + code,"Checkpoint sample, not new simulation. Output rounded to 0.001 m. Capacity is ceiling, not observed use; jobs per Business not whole Building.","artifacts/visual-study/roof-proportions/daylight-near.tsv: draw_index 10, building_id 11"
G011,R01,jobs_per_premised_business,11,jobs per Business,documented,Deterministic reconstruction from recorded geometry + code,"Checkpoint sample, not new simulation. Output rounded to 0.001 m. Capacity is ceiling, not observed use; jobs per Business not whole Building.","artifacts/visual-study/roof-proportions/daylight-near.tsv: draw_index 10, building_id 11"
G011,R01,roof_rise_m,2.892,m,documented,Recorded draw transform; unit wall/roof mesh,"Checkpoint sample, not new simulation. Output rounded to 0.001 m. Capacity is ceiling, not observed use; jobs per Business not whole Building.","artifacts/visual-study/roof-proportions/daylight-near.tsv: draw_index 10, building_id 11"
G011,R01,roof_pitch_degrees,29.198,degrees,documented,Deterministic reconstruction from recorded geometry + code,"Checkpoint sample, not new simulation. Output rounded to 0.001 m. Capacity is ceiling, not observed use; jobs per Business not whole Building.","artifacts/visual-study/roof-proportions/daylight-near.tsv: draw_index 10, building_id 11"
G012,R01,east_west_m,24.0,m,documented,Recorded draw transform; unit wall/roof mesh,"Checkpoint sample, not new simulation. Output rounded to 0.001 m. Capacity is ceiling, not observed use; jobs per Business not whole Building.","artifacts/visual-study/roof-proportions/daylight-near.tsv: draw_index 11, building_id 12"
G012,R01,south_north_m,32.0,m,documented,Recorded draw transform; unit wall/roof mesh,"Checkpoint sample, not new simulation. Output rounded to 0.001 m. Capacity is ceiling, not observed use; jobs per Business not whole Building.","artifacts/visual-study/roof-proportions/daylight-near.tsv: draw_index 11, building_id 12"
G012,R01,wall_m,7.0,m,documented,Recorded draw transform; unit wall/roof mesh,"Checkpoint sample, not new simulation. Output rounded to 0.001 m. Capacity is ceiling, not observed use; jobs per Business not whole Building.","artifacts/visual-study/roof-proportions/daylight-near.tsv: draw_index 11, building_id 12"
G012,R01,floor_m2,1536,m2,documented,Deterministic reconstruction from recorded geometry + code,"Checkpoint sample, not new simulation. Output rounded to 0.001 m. Capacity is ceiling, not observed use; jobs per Business not whole Building.","artifacts/visual-study/roof-proportions/daylight-near.tsv: draw_index 11, building_id 12"
G012,R01,tenancy_capacity,3,tenancies,documented,Deterministic reconstruction from recorded geometry + code,"Checkpoint sample, not new simulation. Output rounded to 0.001 m. Capacity is ceiling, not observed use; jobs per Business not whole Building.","artifacts/visual-study/roof-proportions/daylight-near.tsv: draw_index 11, building_id 12"
G012,R01,jobs_per_premised_business,10,jobs per Business,documented,Deterministic reconstruction from recorded geometry + code,"Checkpoint sample, not new simulation. Output rounded to 0.001 m. Capacity is ceiling, not observed use; jobs per Business not whole Building.","artifacts/visual-study/roof-proportions/daylight-near.tsv: draw_index 11, building_id 12"
G012,R01,roof_rise_m,4.172,m,documented,Recorded draw transform; unit wall/roof mesh,"Checkpoint sample, not new simulation. Output rounded to 0.001 m. Capacity is ceiling, not observed use; jobs per Business not whole Building.","artifacts/visual-study/roof-proportions/daylight-near.tsv: draw_index 11, building_id 12"
G012,R01,roof_pitch_degrees,34.044,degrees,documented,Deterministic reconstruction from recorded geometry + code,"Checkpoint sample, not new simulation. Output rounded to 0.001 m. Capacity is ceiling, not observed use; jobs per Business not whole Building.","artifacts/visual-study/roof-proportions/daylight-near.tsv: draw_index 11, building_id 12"
G013,R01,east_west_m,32.0,m,documented,Recorded draw transform; unit wall/roof mesh,"Checkpoint sample, not new simulation. Output rounded to 0.001 m. Capacity is ceiling, not observed use; jobs per Business not whole Building.","artifacts/visual-study/roof-proportions/daylight-near.tsv: draw_index 12, building_id 13"
G013,R01,south_north_m,20.0,m,documented,Recorded draw transform; unit wall/roof mesh,"Checkpoint sample, not new simulation. Output rounded to 0.001 m. Capacity is ceiling, not observed use; jobs per Business not whole Building.","artifacts/visual-study/roof-proportions/daylight-near.tsv: draw_index 12, building_id 13"
G013,R01,wall_m,7.0,m,documented,Recorded draw transform; unit wall/roof mesh,"Checkpoint sample, not new simulation. Output rounded to 0.001 m. Capacity is ceiling, not observed use; jobs per Business not whole Building.","artifacts/visual-study/roof-proportions/daylight-near.tsv: draw_index 12, building_id 13"
G013,R01,floor_m2,1280,m2,documented,Deterministic reconstruction from recorded geometry + code,"Checkpoint sample, not new simulation. Output rounded to 0.001 m. Capacity is ceiling, not observed use; jobs per Business not whole Building.","artifacts/visual-study/roof-proportions/daylight-near.tsv: draw_index 12, building_id 13"
G013,R01,tenancy_capacity,3,tenancies,documented,Deterministic reconstruction from recorded geometry + code,"Checkpoint sample, not new simulation. Output rounded to 0.001 m. Capacity is ceiling, not observed use; jobs per Business not whole Building.","artifacts/visual-study/roof-proportions/daylight-near.tsv: draw_index 12, building_id 13"
G013,R01,jobs_per_premised_business,8,jobs per Business,documented,Deterministic reconstruction from recorded geometry + code,"Checkpoint sample, not new simulation. Output rounded to 0.001 m. Capacity is ceiling, not observed use; jobs per Business not whole Building.","artifacts/visual-study/roof-proportions/daylight-near.tsv: draw_index 12, building_id 13"
G013,R01,roof_rise_m,2.716,m,documented,Recorded draw transform; unit wall/roof mesh,"Checkpoint sample, not new simulation. Output rounded to 0.001 m. Capacity is ceiling, not observed use; jobs per Business not whole Building.","artifacts/visual-study/roof-proportions/daylight-near.tsv: draw_index 12, building_id 13"
G013,R01,roof_pitch_degrees,27.692,degrees,documented,Deterministic reconstruction from recorded geometry + code,"Checkpoint sample, not new simulation. Output rounded to 0.001 m. Capacity is ceiling, not observed use; jobs per Business not whole Building.","artifacts/visual-study/roof-proportions/daylight-near.tsv: draw_index 12, building_id 13"
G014,R01,east_west_m,36.0,m,documented,Recorded draw transform; unit wall/roof mesh,"Checkpoint sample, not new simulation. Output rounded to 0.001 m. Capacity is ceiling, not observed use; jobs per Business not whole Building.","artifacts/visual-study/roof-proportions/daylight-near.tsv: draw_index 13, building_id 14"
G014,R01,south_north_m,16.0,m,documented,Recorded draw transform; unit wall/roof mesh,"Checkpoint sample, not new simulation. Output rounded to 0.001 m. Capacity is ceiling, not observed use; jobs per Business not whole Building.","artifacts/visual-study/roof-proportions/daylight-near.tsv: draw_index 13, building_id 14"
G014,R01,wall_m,7.0,m,documented,Recorded draw transform; unit wall/roof mesh,"Checkpoint sample, not new simulation. Output rounded to 0.001 m. Capacity is ceiling, not observed use; jobs per Business not whole Building.","artifacts/visual-study/roof-proportions/daylight-near.tsv: draw_index 13, building_id 14"
G014,R01,floor_m2,1152,m2,documented,Deterministic reconstruction from recorded geometry + code,"Checkpoint sample, not new simulation. Output rounded to 0.001 m. Capacity is ceiling, not observed use; jobs per Business not whole Building.","artifacts/visual-study/roof-proportions/daylight-near.tsv: draw_index 13, building_id 14"
G014,R01,tenancy_capacity,2,tenancies,documented,Deterministic reconstruction from recorded geometry + code,"Checkpoint sample, not new simulation. Output rounded to 0.001 m. Capacity is ceiling, not observed use; jobs per Business not whole Building.","artifacts/visual-study/roof-proportions/daylight-near.tsv: draw_index 13, building_id 14"
G014,R01,jobs_per_premised_business,12,jobs per Business,documented,Deterministic reconstruction from recorded geometry + code,"Checkpoint sample, not new simulation. Output rounded to 0.001 m. Capacity is ceiling, not observed use; jobs per Business not whole Building.","artifacts/visual-study/roof-proportions/daylight-near.tsv: draw_index 13, building_id 14"
G014,R01,roof_rise_m,4.5,m,documented,Recorded draw transform; unit wall/roof mesh,"Checkpoint sample, not new simulation. Output rounded to 0.001 m. Capacity is ceiling, not observed use; jobs per Business not whole Building.","artifacts/visual-study/roof-proportions/daylight-near.tsv: draw_index 13, building_id 14"
G014,R01,roof_pitch_degrees,28.321,degrees,documented,Deterministic reconstruction from recorded geometry + code,"Checkpoint sample, not new simulation. Output rounded to 0.001 m. Capacity is ceiling, not observed use; jobs per Business not whole Building.","artifacts/visual-study/roof-proportions/daylight-near.tsv: draw_index 13, building_id 14"
G015,R01,east_west_m,20.0,m,documented,Recorded draw transform; unit wall/roof mesh,"Checkpoint sample, not new simulation. Output rounded to 0.001 m. Capacity is ceiling, not observed use; jobs per Business not whole Building.","artifacts/visual-study/roof-proportions/daylight-near.tsv: draw_index 14, building_id 15"
G015,R01,south_north_m,20.0,m,documented,Recorded draw transform; unit wall/roof mesh,"Checkpoint sample, not new simulation. Output rounded to 0.001 m. Capacity is ceiling, not observed use; jobs per Business not whole Building.","artifacts/visual-study/roof-proportions/daylight-near.tsv: draw_index 14, building_id 15"
G015,R01,wall_m,10.5,m,documented,Recorded draw transform; unit wall/roof mesh,"Checkpoint sample, not new simulation. Output rounded to 0.001 m. Capacity is ceiling, not observed use; jobs per Business not whole Building.","artifacts/visual-study/roof-proportions/daylight-near.tsv: draw_index 14, building_id 15"
G015,R01,floor_m2,1200,m2,documented,Deterministic reconstruction from recorded geometry + code,"Checkpoint sample, not new simulation. Output rounded to 0.001 m. Capacity is ceiling, not observed use; jobs per Business not whole Building.","artifacts/visual-study/roof-proportions/daylight-near.tsv: draw_index 14, building_id 15"
G015,R01,tenancy_capacity,3,tenancies,documented,Deterministic reconstruction from recorded geometry + code,"Checkpoint sample, not new simulation. Output rounded to 0.001 m. Capacity is ceiling, not observed use; jobs per Business not whole Building.","artifacts/visual-study/roof-proportions/daylight-near.tsv: draw_index 14, building_id 15"
G015,R01,jobs_per_premised_business,8,jobs per Business,documented,Deterministic reconstruction from recorded geometry + code,"Checkpoint sample, not new simulation. Output rounded to 0.001 m. Capacity is ceiling, not observed use; jobs per Business not whole Building.","artifacts/visual-study/roof-proportions/daylight-near.tsv: draw_index 14, building_id 15"
G015,R01,roof_rise_m,3.076,m,documented,Recorded draw transform; unit wall/roof mesh,"Checkpoint sample, not new simulation. Output rounded to 0.001 m. Capacity is ceiling, not observed use; jobs per Business not whole Building.","artifacts/visual-study/roof-proportions/daylight-near.tsv: draw_index 14, building_id 15"
G015,R01,roof_pitch_degrees,30.727,degrees,documented,Deterministic reconstruction from recorded geometry + code,"Checkpoint sample, not new simulation. Output rounded to 0.001 m. Capacity is ceiling, not observed use; jobs per Business not whole Building.","artifacts/visual-study/roof-proportions/daylight-near.tsv: draw_index 14, building_id 15"
G016,R01,east_west_m,40.0,m,documented,Recorded draw transform; unit wall/roof mesh,"Checkpoint sample, not new simulation. Output rounded to 0.001 m. Capacity is ceiling, not observed use; jobs per Business not whole Building.","artifacts/visual-study/roof-proportions/daylight-near.tsv: draw_index 15, building_id 16"
G016,R01,south_north_m,24.0,m,documented,Recorded draw transform; unit wall/roof mesh,"Checkpoint sample, not new simulation. Output rounded to 0.001 m. Capacity is ceiling, not observed use; jobs per Business not whole Building.","artifacts/visual-study/roof-proportions/daylight-near.tsv: draw_index 15, building_id 16"
G016,R01,wall_m,10.5,m,documented,Recorded draw transform; unit wall/roof mesh,"Checkpoint sample, not new simulation. Output rounded to 0.001 m. Capacity is ceiling, not observed use; jobs per Business not whole Building.","artifacts/visual-study/roof-proportions/daylight-near.tsv: draw_index 15, building_id 16"
G016,R01,floor_m2,2880,m2,documented,Deterministic reconstruction from recorded geometry + code,"Checkpoint sample, not new simulation. Output rounded to 0.001 m. Capacity is ceiling, not observed use; jobs per Business not whole Building.","artifacts/visual-study/roof-proportions/daylight-near.tsv: draw_index 15, building_id 16"
G016,R01,tenancy_capacity,7,tenancies,documented,Deterministic reconstruction from recorded geometry + code,"Checkpoint sample, not new simulation. Output rounded to 0.001 m. Capacity is ceiling, not observed use; jobs per Business not whole Building.","artifacts/visual-study/roof-proportions/daylight-near.tsv: draw_index 15, building_id 16"
G016,R01,jobs_per_premised_business,8,jobs per Business,documented,Deterministic reconstruction from recorded geometry + code,"Checkpoint sample, not new simulation. Output rounded to 0.001 m. Capacity is ceiling, not observed use; jobs per Business not whole Building.","artifacts/visual-study/roof-proportions/daylight-near.tsv: draw_index 15, building_id 16"
G016,R01,roof_rise_m,3.631,m,documented,Recorded draw transform; unit wall/roof mesh,"Checkpoint sample, not new simulation. Output rounded to 0.001 m. Capacity is ceiling, not observed use; jobs per Business not whole Building.","artifacts/visual-study/roof-proportions/daylight-near.tsv: draw_index 15, building_id 16"
G016,R01,roof_pitch_degrees,30.456,degrees,documented,Deterministic reconstruction from recorded geometry + code,"Checkpoint sample, not new simulation. Output rounded to 0.001 m. Capacity is ceiling, not observed use; jobs per Business not whole Building.","artifacts/visual-study/roof-proportions/daylight-near.tsv: draw_index 15, building_id 16"
G017,R01,east_west_m,32.0,m,documented,Recorded draw transform; unit wall/roof mesh,"Checkpoint sample, not new simulation. Output rounded to 0.001 m. Capacity is ceiling, not observed use; jobs per Business not whole Building.","artifacts/visual-study/roof-proportions/daylight-near.tsv: draw_index 16, building_id 17"
G017,R01,south_north_m,16.0,m,documented,Recorded draw transform; unit wall/roof mesh,"Checkpoint sample, not new simulation. Output rounded to 0.001 m. Capacity is ceiling, not observed use; jobs per Business not whole Building.","artifacts/visual-study/roof-proportions/daylight-near.tsv: draw_index 16, building_id 17"
G017,R01,wall_m,10.5,m,documented,Recorded draw transform; unit wall/roof mesh,"Checkpoint sample, not new simulation. Output rounded to 0.001 m. Capacity is ceiling, not observed use; jobs per Business not whole Building.","artifacts/visual-study/roof-proportions/daylight-near.tsv: draw_index 16, building_id 17"
G017,R01,floor_m2,1536,m2,documented,Deterministic reconstruction from recorded geometry + code,"Checkpoint sample, not new simulation. Output rounded to 0.001 m. Capacity is ceiling, not observed use; jobs per Business not whole Building.","artifacts/visual-study/roof-proportions/daylight-near.tsv: draw_index 16, building_id 17"
G017,R01,tenancy_capacity,3,tenancies,documented,Deterministic reconstruction from recorded geometry + code,"Checkpoint sample, not new simulation. Output rounded to 0.001 m. Capacity is ceiling, not observed use; jobs per Business not whole Building.","artifacts/visual-study/roof-proportions/daylight-near.tsv: draw_index 16, building_id 17"
G017,R01,jobs_per_premised_business,10,jobs per Business,documented,Deterministic reconstruction from recorded geometry + code,"Checkpoint sample, not new simulation. Output rounded to 0.001 m. Capacity is ceiling, not observed use; jobs per Business not whole Building.","artifacts/visual-study/roof-proportions/daylight-near.tsv: draw_index 16, building_id 17"
G017,R01,roof_rise_m,4.5,m,documented,Recorded draw transform; unit wall/roof mesh,"Checkpoint sample, not new simulation. Output rounded to 0.001 m. Capacity is ceiling, not observed use; jobs per Business not whole Building.","artifacts/visual-study/roof-proportions/daylight-near.tsv: draw_index 16, building_id 17"
G017,R01,roof_pitch_degrees,28.321,degrees,documented,Deterministic reconstruction from recorded geometry + code,"Checkpoint sample, not new simulation. Output rounded to 0.001 m. Capacity is ceiling, not observed use; jobs per Business not whole Building.","artifacts/visual-study/roof-proportions/daylight-near.tsv: draw_index 16, building_id 17"
G018,R01,east_west_m,32.0,m,documented,Recorded draw transform; unit wall/roof mesh,"Checkpoint sample, not new simulation. Output rounded to 0.001 m. Capacity is ceiling, not observed use; jobs per Business not whole Building.","artifacts/visual-study/roof-proportions/daylight-near.tsv: draw_index 17, building_id 18"
G018,R01,south_north_m,20.0,m,documented,Recorded draw transform; unit wall/roof mesh,"Checkpoint sample, not new simulation. Output rounded to 0.001 m. Capacity is ceiling, not observed use; jobs per Business not whole Building.","artifacts/visual-study/roof-proportions/daylight-near.tsv: draw_index 17, building_id 18"
G018,R01,wall_m,10.5,m,documented,Recorded draw transform; unit wall/roof mesh,"Checkpoint sample, not new simulation. Output rounded to 0.001 m. Capacity is ceiling, not observed use; jobs per Business not whole Building.","artifacts/visual-study/roof-proportions/daylight-near.tsv: draw_index 17, building_id 18"
G018,R01,floor_m2,1920,m2,documented,Deterministic reconstruction from recorded geometry + code,"Checkpoint sample, not new simulation. Output rounded to 0.001 m. Capacity is ceiling, not observed use; jobs per Business not whole Building.","artifacts/visual-study/roof-proportions/daylight-near.tsv: draw_index 17, building_id 18"
G018,R01,tenancy_capacity,4,tenancies,documented,Deterministic reconstruction from recorded geometry + code,"Checkpoint sample, not new simulation. Output rounded to 0.001 m. Capacity is ceiling, not observed use; jobs per Business not whole Building.","artifacts/visual-study/roof-proportions/daylight-near.tsv: draw_index 17, building_id 18"
G018,R01,jobs_per_premised_business,10,jobs per Business,documented,Deterministic reconstruction from recorded geometry + code,"Checkpoint sample, not new simulation. Output rounded to 0.001 m. Capacity is ceiling, not observed use; jobs per Business not whole Building.","artifacts/visual-study/roof-proportions/daylight-near.tsv: draw_index 17, building_id 18"
G018,R01,roof_rise_m,3.202,m,documented,Recorded draw transform; unit wall/roof mesh,"Checkpoint sample, not new simulation. Output rounded to 0.001 m. Capacity is ceiling, not observed use; jobs per Business not whole Building.","artifacts/visual-study/roof-proportions/daylight-near.tsv: draw_index 17, building_id 18"
G018,R01,roof_pitch_degrees,31.747,degrees,documented,Deterministic reconstruction from recorded geometry + code,"Checkpoint sample, not new simulation. Output rounded to 0.001 m. Capacity is ceiling, not observed use; jobs per Business not whole Building.","artifacts/visual-study/roof-proportions/daylight-near.tsv: draw_index 17, building_id 18"
G019,R01,east_west_m,28.0,m,documented,Recorded draw transform; unit wall/roof mesh,"Checkpoint sample, not new simulation. Output rounded to 0.001 m. Capacity is ceiling, not observed use; jobs per Business not whole Building.","artifacts/visual-study/roof-proportions/daylight-near.tsv: draw_index 18, building_id 19"
G019,R01,south_north_m,16.0,m,documented,Recorded draw transform; unit wall/roof mesh,"Checkpoint sample, not new simulation. Output rounded to 0.001 m. Capacity is ceiling, not observed use; jobs per Business not whole Building.","artifacts/visual-study/roof-proportions/daylight-near.tsv: draw_index 18, building_id 19"
G019,R01,wall_m,10.5,m,documented,Recorded draw transform; unit wall/roof mesh,"Checkpoint sample, not new simulation. Output rounded to 0.001 m. Capacity is ceiling, not observed use; jobs per Business not whole Building.","artifacts/visual-study/roof-proportions/daylight-near.tsv: draw_index 18, building_id 19"
G019,R01,floor_m2,1344,m2,documented,Deterministic reconstruction from recorded geometry + code,"Checkpoint sample, not new simulation. Output rounded to 0.001 m. Capacity is ceiling, not observed use; jobs per Business not whole Building.","artifacts/visual-study/roof-proportions/daylight-near.tsv: draw_index 18, building_id 19"
G019,R01,tenancy_capacity,3,tenancies,documented,Deterministic reconstruction from recorded geometry + code,"Checkpoint sample, not new simulation. Output rounded to 0.001 m. Capacity is ceiling, not observed use; jobs per Business not whole Building.","artifacts/visual-study/roof-proportions/daylight-near.tsv: draw_index 18, building_id 19"
G019,R01,jobs_per_premised_business,9,jobs per Business,documented,Deterministic reconstruction from recorded geometry + code,"Checkpoint sample, not new simulation. Output rounded to 0.001 m. Capacity is ceiling, not observed use; jobs per Business not whole Building.","artifacts/visual-study/roof-proportions/daylight-near.tsv: draw_index 18, building_id 19"
G019,R01,roof_rise_m,4.5,m,documented,Recorded draw transform; unit wall/roof mesh,"Checkpoint sample, not new simulation. Output rounded to 0.001 m. Capacity is ceiling, not observed use; jobs per Business not whole Building.","artifacts/visual-study/roof-proportions/daylight-near.tsv: draw_index 18, building_id 19"
G019,R01,roof_pitch_degrees,28.321,degrees,documented,Deterministic reconstruction from recorded geometry + code,"Checkpoint sample, not new simulation. Output rounded to 0.001 m. Capacity is ceiling, not observed use; jobs per Business not whole Building.","artifacts/visual-study/roof-proportions/daylight-near.tsv: draw_index 18, building_id 19"
G020,R01,east_west_m,40.0,m,documented,Recorded draw transform; unit wall/roof mesh,"Checkpoint sample, not new simulation. Output rounded to 0.001 m. Capacity is ceiling, not observed use; jobs per Business not whole Building.","artifacts/visual-study/roof-proportions/daylight-near.tsv: draw_index 19, building_id 20"
G020,R01,south_north_m,28.0,m,documented,Recorded draw transform; unit wall/roof mesh,"Checkpoint sample, not new simulation. Output rounded to 0.001 m. Capacity is ceiling, not observed use; jobs per Business not whole Building.","artifacts/visual-study/roof-proportions/daylight-near.tsv: draw_index 19, building_id 20"
G020,R01,wall_m,10.5,m,documented,Recorded draw transform; unit wall/roof mesh,"Checkpoint sample, not new simulation. Output rounded to 0.001 m. Capacity is ceiling, not observed use; jobs per Business not whole Building.","artifacts/visual-study/roof-proportions/daylight-near.tsv: draw_index 19, building_id 20"
G020,R01,floor_m2,3360,m2,documented,Deterministic reconstruction from recorded geometry + code,"Checkpoint sample, not new simulation. Output rounded to 0.001 m. Capacity is ceiling, not observed use; jobs per Business not whole Building.","artifacts/visual-study/roof-proportions/daylight-near.tsv: draw_index 19, building_id 20"
G020,R01,tenancy_capacity,8,tenancies,documented,Deterministic reconstruction from recorded geometry + code,"Checkpoint sample, not new simulation. Output rounded to 0.001 m. Capacity is ceiling, not observed use; jobs per Business not whole Building.","artifacts/visual-study/roof-proportions/daylight-near.tsv: draw_index 19, building_id 20"
G020,R01,jobs_per_premised_business,8,jobs per Business,documented,Deterministic reconstruction from recorded geometry + code,"Checkpoint sample, not new simulation. Output rounded to 0.001 m. Capacity is ceiling, not observed use; jobs per Business not whole Building.","artifacts/visual-study/roof-proportions/daylight-near.tsv: draw_index 19, building_id 20"
G020,R01,roof_rise_m,3.989,m,documented,Recorded draw transform; unit wall/roof mesh,"Checkpoint sample, not new simulation. Output rounded to 0.001 m. Capacity is ceiling, not observed use; jobs per Business not whole Building.","artifacts/visual-study/roof-proportions/daylight-near.tsv: draw_index 19, building_id 20"
G020,R01,roof_pitch_degrees,29.072,degrees,documented,Deterministic reconstruction from recorded geometry + code,"Checkpoint sample, not new simulation. Output rounded to 0.001 m. Capacity is ceiling, not observed use; jobs per Business not whole Building.","artifacts/visual-study/roof-proportions/daylight-near.tsv: draw_index 19, building_id 20"
G021,R01,east_west_m,28.0,m,documented,Recorded draw transform; unit wall/roof mesh,"Checkpoint sample, not new simulation. Output rounded to 0.001 m. Capacity is ceiling, not observed use; jobs per Business not whole Building.","artifacts/visual-study/roof-proportions/daylight-near.tsv: draw_index 20, building_id 21"
G021,R01,south_north_m,20.0,m,documented,Recorded draw transform; unit wall/roof mesh,"Checkpoint sample, not new simulation. Output rounded to 0.001 m. Capacity is ceiling, not observed use; jobs per Business not whole Building.","artifacts/visual-study/roof-proportions/daylight-near.tsv: draw_index 20, building_id 21"
G021,R01,wall_m,10.5,m,documented,Recorded draw transform; unit wall/roof mesh,"Checkpoint sample, not new simulation. Output rounded to 0.001 m. Capacity is ceiling, not observed use; jobs per Business not whole Building.","artifacts/visual-study/roof-proportions/daylight-near.tsv: draw_index 20, building_id 21"
G021,R01,floor_m2,1680,m2,documented,Deterministic reconstruction from recorded geometry + code,"Checkpoint sample, not new simulation. Output rounded to 0.001 m. Capacity is ceiling, not observed use; jobs per Business not whole Building.","artifacts/visual-study/roof-proportions/daylight-near.tsv: draw_index 20, building_id 21"
G021,R01,tenancy_capacity,4,tenancies,documented,Deterministic reconstruction from recorded geometry + code,"Checkpoint sample, not new simulation. Output rounded to 0.001 m. Capacity is ceiling, not observed use; jobs per Business not whole Building.","artifacts/visual-study/roof-proportions/daylight-near.tsv: draw_index 20, building_id 21"
G021,R01,jobs_per_premised_business,8,jobs per Business,documented,Deterministic reconstruction from recorded geometry + code,"Checkpoint sample, not new simulation. Output rounded to 0.001 m. Capacity is ceiling, not observed use; jobs per Business not whole Building.","artifacts/visual-study/roof-proportions/daylight-near.tsv: draw_index 20, building_id 21"
G021,R01,roof_rise_m,2.539,m,documented,Recorded draw transform; unit wall/roof mesh,"Checkpoint sample, not new simulation. Output rounded to 0.001 m. Capacity is ceiling, not observed use; jobs per Business not whole Building.","artifacts/visual-study/roof-proportions/daylight-near.tsv: draw_index 20, building_id 21"
G021,R01,roof_pitch_degrees,26.134,degrees,documented,Deterministic reconstruction from recorded geometry + code,"Checkpoint sample, not new simulation. Output rounded to 0.001 m. Capacity is ceiling, not observed use; jobs per Business not whole Building.","artifacts/visual-study/roof-proportions/daylight-near.tsv: draw_index 20, building_id 21"
G022,R01,east_west_m,52.0,m,documented,Recorded draw transform; unit wall/roof mesh,"Checkpoint sample, not new simulation. Output rounded to 0.001 m. Capacity is ceiling, not observed use; jobs per Business not whole Building.","artifacts/visual-study/roof-proportions/daylight-near.tsv: draw_index 21, building_id 22"
G022,R01,south_north_m,20.0,m,documented,Recorded draw transform; unit wall/roof mesh,"Checkpoint sample, not new simulation. Output rounded to 0.001 m. Capacity is ceiling, not observed use; jobs per Business not whole Building.","artifacts/visual-study/roof-proportions/daylight-near.tsv: draw_index 21, building_id 22"
G022,R01,wall_m,10.5,m,documented,Recorded draw transform; unit wall/roof mesh,"Checkpoint sample, not new simulation. Output rounded to 0.001 m. Capacity is ceiling, not observed use; jobs per Business not whole Building.","artifacts/visual-study/roof-proportions/daylight-near.tsv: draw_index 21, building_id 22"
G022,R01,floor_m2,3120,m2,documented,Deterministic reconstruction from recorded geometry + code,"Checkpoint sample, not new simulation. Output rounded to 0.001 m. Capacity is ceiling, not observed use; jobs per Business not whole Building.","artifacts/visual-study/roof-proportions/daylight-near.tsv: draw_index 21, building_id 22"
G022,R01,tenancy_capacity,7,tenancies,documented,Deterministic reconstruction from recorded geometry + code,"Checkpoint sample, not new simulation. Output rounded to 0.001 m. Capacity is ceiling, not observed use; jobs per Business not whole Building.","artifacts/visual-study/roof-proportions/daylight-near.tsv: draw_index 21, building_id 22"
G022,R01,jobs_per_premised_business,9,jobs per Business,documented,Deterministic reconstruction from recorded geometry + code,"Checkpoint sample, not new simulation. Output rounded to 0.001 m. Capacity is ceiling, not observed use; jobs per Business not whole Building.","artifacts/visual-study/roof-proportions/daylight-near.tsv: draw_index 21, building_id 22"
G022,R01,roof_rise_m,3.378,m,documented,Recorded draw transform; unit wall/roof mesh,"Checkpoint sample, not new simulation. Output rounded to 0.001 m. Capacity is ceiling, not observed use; jobs per Business not whole Building.","artifacts/visual-study/roof-proportions/daylight-near.tsv: draw_index 21, building_id 22"
G022,R01,roof_pitch_degrees,33.135,degrees,documented,Deterministic reconstruction from recorded geometry + code,"Checkpoint sample, not new simulation. Output rounded to 0.001 m. Capacity is ceiling, not observed use; jobs per Business not whole Building.","artifacts/visual-study/roof-proportions/daylight-near.tsv: draw_index 21, building_id 22"
G023,R01,east_west_m,56.0,m,documented,Recorded draw transform; unit wall/roof mesh,"Checkpoint sample, not new simulation. Output rounded to 0.001 m. Capacity is ceiling, not observed use; jobs per Business not whole Building.","artifacts/visual-study/roof-proportions/daylight-near.tsv: draw_index 22, building_id 23"
G023,R01,south_north_m,28.0,m,documented,Recorded draw transform; unit wall/roof mesh,"Checkpoint sample, not new simulation. Output rounded to 0.001 m. Capacity is ceiling, not observed use; jobs per Business not whole Building.","artifacts/visual-study/roof-proportions/daylight-near.tsv: draw_index 22, building_id 23"
G023,R01,wall_m,10.5,m,documented,Recorded draw transform; unit wall/roof mesh,"Checkpoint sample, not new simulation. Output rounded to 0.001 m. Capacity is ceiling, not observed use; jobs per Business not whole Building.","artifacts/visual-study/roof-proportions/daylight-near.tsv: draw_index 22, building_id 23"
G023,R01,floor_m2,4704,m2,documented,Deterministic reconstruction from recorded geometry + code,"Checkpoint sample, not new simulation. Output rounded to 0.001 m. Capacity is ceiling, not observed use; jobs per Business not whole Building.","artifacts/visual-study/roof-proportions/daylight-near.tsv: draw_index 22, building_id 23"
G023,R01,tenancy_capacity,11,tenancies,documented,Deterministic reconstruction from recorded geometry + code,"Checkpoint sample, not new simulation. Output rounded to 0.001 m. Capacity is ceiling, not observed use; jobs per Business not whole Building.","artifacts/visual-study/roof-proportions/daylight-near.tsv: draw_index 22, building_id 23"
G023,R01,jobs_per_premised_business,8,jobs per Business,documented,Deterministic reconstruction from recorded geometry + code,"Checkpoint sample, not new simulation. Output rounded to 0.001 m. Capacity is ceiling, not observed use; jobs per Business not whole Building.","artifacts/visual-study/roof-proportions/daylight-near.tsv: draw_index 22, building_id 23"
G023,R01,roof_rise_m,4.5,m,documented,Recorded draw transform; unit wall/roof mesh,"Checkpoint sample, not new simulation. Output rounded to 0.001 m. Capacity is ceiling, not observed use; jobs per Business not whole Building.","artifacts/visual-study/roof-proportions/daylight-near.tsv: draw_index 22, building_id 23"
G023,R01,roof_pitch_degrees,32.095,degrees,documented,Deterministic reconstruction from recorded geometry + code,"Checkpoint sample, not new simulation. Output rounded to 0.001 m. Capacity is ceiling, not observed use; jobs per Business not whole Building.","artifacts/visual-study/roof-proportions/daylight-near.tsv: draw_index 22, building_id 23"
G024,R01,east_west_m,16.0,m,documented,Recorded draw transform; unit wall/roof mesh,"Checkpoint sample, not new simulation. Output rounded to 0.001 m. Capacity is ceiling, not observed use; jobs per Business not whole Building.","artifacts/visual-study/roof-proportions/daylight-near.tsv: draw_index 23, building_id 24"
G024,R01,south_north_m,20.0,m,documented,Recorded draw transform; unit wall/roof mesh,"Checkpoint sample, not new simulation. Output rounded to 0.001 m. Capacity is ceiling, not observed use; jobs per Business not whole Building.","artifacts/visual-study/roof-proportions/daylight-near.tsv: draw_index 23, building_id 24"
G024,R01,wall_m,10.5,m,documented,Recorded draw transform; unit wall/roof mesh,"Checkpoint sample, not new simulation. Output rounded to 0.001 m. Capacity is ceiling, not observed use; jobs per Business not whole Building.","artifacts/visual-study/roof-proportions/daylight-near.tsv: draw_index 23, building_id 24"
G024,R01,floor_m2,960,m2,documented,Deterministic reconstruction from recorded geometry + code,"Checkpoint sample, not new simulation. Output rounded to 0.001 m. Capacity is ceiling, not observed use; jobs per Business not whole Building.","artifacts/visual-study/roof-proportions/daylight-near.tsv: draw_index 23, building_id 24"
G024,R01,tenancy_capacity,2,tenancies,documented,Deterministic reconstruction from recorded geometry + code,"Checkpoint sample, not new simulation. Output rounded to 0.001 m. Capacity is ceiling, not observed use; jobs per Business not whole Building.","artifacts/visual-study/roof-proportions/daylight-near.tsv: draw_index 23, building_id 24"
G024,R01,jobs_per_premised_business,10,jobs per Business,documented,Deterministic reconstruction from recorded geometry + code,"Checkpoint sample, not new simulation. Output rounded to 0.001 m. Capacity is ceiling, not observed use; jobs per Business not whole Building.","artifacts/visual-study/roof-proportions/daylight-near.tsv: draw_index 23, building_id 24"
G024,R01,roof_rise_m,4.5,m,documented,Recorded draw transform; unit wall/roof mesh,"Checkpoint sample, not new simulation. Output rounded to 0.001 m. Capacity is ceiling, not observed use; jobs per Business not whole Building.","artifacts/visual-study/roof-proportions/daylight-near.tsv: draw_index 23, building_id 24"
G024,R01,roof_pitch_degrees,28.321,degrees,documented,Deterministic reconstruction from recorded geometry + code,"Checkpoint sample, not new simulation. Output rounded to 0.001 m. Capacity is ceiling, not observed use; jobs per Business not whole Building.","artifacts/visual-study/roof-proportions/daylight-near.tsv: draw_index 23, building_id 24"
G025,R01,east_west_m,24.0,m,documented,Recorded draw transform; unit wall/roof mesh,"Checkpoint sample, not new simulation. Output rounded to 0.001 m. Capacity is ceiling, not observed use; jobs per Business not whole Building.","artifacts/visual-study/roof-proportions/daylight-near.tsv: draw_index 24, building_id 25"
G025,R01,south_north_m,24.0,m,documented,Recorded draw transform; unit wall/roof mesh,"Checkpoint sample, not new simulation. Output rounded to 0.001 m. Capacity is ceiling, not observed use; jobs per Business not whole Building.","artifacts/visual-study/roof-proportions/daylight-near.tsv: draw_index 24, building_id 25"
G025,R01,wall_m,7.0,m,documented,Recorded draw transform; unit wall/roof mesh,"Checkpoint sample, not new simulation. Output rounded to 0.001 m. Capacity is ceiling, not observed use; jobs per Business not whole Building.","artifacts/visual-study/roof-proportions/daylight-near.tsv: draw_index 24, building_id 25"
G025,R01,floor_m2,1152,m2,documented,Deterministic reconstruction from recorded geometry + code,"Checkpoint sample, not new simulation. Output rounded to 0.001 m. Capacity is ceiling, not observed use; jobs per Business not whole Building.","artifacts/visual-study/roof-proportions/daylight-near.tsv: draw_index 24, building_id 25"
G025,R01,tenancy_capacity,2,tenancies,documented,Deterministic reconstruction from recorded geometry + code,"Checkpoint sample, not new simulation. Output rounded to 0.001 m. Capacity is ceiling, not observed use; jobs per Business not whole Building.","artifacts/visual-study/roof-proportions/daylight-near.tsv: draw_index 24, building_id 25"
G025,R01,jobs_per_premised_business,12,jobs per Business,documented,Deterministic reconstruction from recorded geometry + code,"Checkpoint sample, not new simulation. Output rounded to 0.001 m. Capacity is ceiling, not observed use; jobs per Business not whole Building.","artifacts/visual-study/roof-proportions/daylight-near.tsv: draw_index 24, building_id 25"
G025,R01,roof_rise_m,3.908,m,documented,Recorded draw transform; unit wall/roof mesh,"Checkpoint sample, not new simulation. Output rounded to 0.001 m. Capacity is ceiling, not observed use; jobs per Business not whole Building.","artifacts/visual-study/roof-proportions/daylight-near.tsv: draw_index 24, building_id 25"
G025,R01,roof_pitch_degrees,32.329,degrees,documented,Deterministic reconstruction from recorded geometry + code,"Checkpoint sample, not new simulation. Output rounded to 0.001 m. Capacity is ceiling, not observed use; jobs per Business not whole Building.","artifacts/visual-study/roof-proportions/daylight-near.tsv: draw_index 24, building_id 25"
G026,R01,east_west_m,28.0,m,documented,Recorded draw transform; unit wall/roof mesh,"Checkpoint sample, not new simulation. Output rounded to 0.001 m. Capacity is ceiling, not observed use; jobs per Business not whole Building.","artifacts/visual-study/roof-proportions/daylight-near.tsv: draw_index 25, building_id 26"
G026,R01,south_north_m,20.0,m,documented,Recorded draw transform; unit wall/roof mesh,"Checkpoint sample, not new simulation. Output rounded to 0.001 m. Capacity is ceiling, not observed use; jobs per Business not whole Building.","artifacts/visual-study/roof-proportions/daylight-near.tsv: draw_index 25, building_id 26"
G026,R01,wall_m,7.0,m,documented,Recorded draw transform; unit wall/roof mesh,"Checkpoint sample, not new simulation. Output rounded to 0.001 m. Capacity is ceiling, not observed use; jobs per Business not whole Building.","artifacts/visual-study/roof-proportions/daylight-near.tsv: draw_index 25, building_id 26"
G026,R01,floor_m2,1120,m2,documented,Deterministic reconstruction from recorded geometry + code,"Checkpoint sample, not new simulation. Output rounded to 0.001 m. Capacity is ceiling, not observed use; jobs per Business not whole Building.","artifacts/visual-study/roof-proportions/daylight-near.tsv: draw_index 25, building_id 26"
G026,R01,tenancy_capacity,2,tenancies,documented,Deterministic reconstruction from recorded geometry + code,"Checkpoint sample, not new simulation. Output rounded to 0.001 m. Capacity is ceiling, not observed use; jobs per Business not whole Building.","artifacts/visual-study/roof-proportions/daylight-near.tsv: draw_index 25, building_id 26"
G026,R01,jobs_per_premised_business,11,jobs per Business,documented,Deterministic reconstruction from recorded geometry + code,"Checkpoint sample, not new simulation. Output rounded to 0.001 m. Capacity is ceiling, not observed use; jobs per Business not whole Building.","artifacts/visual-study/roof-proportions/daylight-near.tsv: draw_index 25, building_id 26"
G026,R01,roof_rise_m,3.457,m,documented,Recorded draw transform; unit wall/roof mesh,"Checkpoint sample, not new simulation. Output rounded to 0.001 m. Capacity is ceiling, not observed use; jobs per Business not whole Building.","artifacts/visual-study/roof-proportions/daylight-near.tsv: draw_index 25, building_id 26"
G026,R01,roof_pitch_degrees,33.744,degrees,documented,Deterministic reconstruction from recorded geometry + code,"Checkpoint sample, not new simulation. Output rounded to 0.001 m. Capacity is ceiling, not observed use; jobs per Business not whole Building.","artifacts/visual-study/roof-proportions/daylight-near.tsv: draw_index 25, building_id 26"
G027,R01,east_west_m,44.0,m,documented,Recorded draw transform; unit wall/roof mesh,"Checkpoint sample, not new simulation. Output rounded to 0.001 m. Capacity is ceiling, not observed use; jobs per Business not whole Building.","artifacts/visual-study/roof-proportions/daylight-near.tsv: draw_index 26, building_id 27"
G027,R01,south_north_m,16.0,m,documented,Recorded draw transform; unit wall/roof mesh,"Checkpoint sample, not new simulation. Output rounded to 0.001 m. Capacity is ceiling, not observed use; jobs per Business not whole Building.","artifacts/visual-study/roof-proportions/daylight-near.tsv: draw_index 26, building_id 27"
G027,R01,wall_m,7.0,m,documented,Recorded draw transform; unit wall/roof mesh,"Checkpoint sample, not new simulation. Output rounded to 0.001 m. Capacity is ceiling, not observed use; jobs per Business not whole Building.","artifacts/visual-study/roof-proportions/daylight-near.tsv: draw_index 26, building_id 27"
G027,R01,floor_m2,1408,m2,documented,Deterministic reconstruction from recorded geometry + code,"Checkpoint sample, not new simulation. Output rounded to 0.001 m. Capacity is ceiling, not observed use; jobs per Business not whole Building.","artifacts/visual-study/roof-proportions/daylight-near.tsv: draw_index 26, building_id 27"
G027,R01,tenancy_capacity,3,tenancies,documented,Deterministic reconstruction from recorded geometry + code,"Checkpoint sample, not new simulation. Output rounded to 0.001 m. Capacity is ceiling, not observed use; jobs per Business not whole Building.","artifacts/visual-study/roof-proportions/daylight-near.tsv: draw_index 26, building_id 27"
G027,R01,jobs_per_premised_business,9,jobs per Business,documented,Deterministic reconstruction from recorded geometry + code,"Checkpoint sample, not new simulation. Output rounded to 0.001 m. Capacity is ceiling, not observed use; jobs per Business not whole Building.","artifacts/visual-study/roof-proportions/daylight-near.tsv: draw_index 26, building_id 27"
G027,R01,roof_rise_m,4.333,m,documented,Recorded draw transform; unit wall/roof mesh,"Checkpoint sample, not new simulation. Output rounded to 0.001 m. Capacity is ceiling, not observed use; jobs per Business not whole Building.","artifacts/visual-study/roof-proportions/daylight-near.tsv: draw_index 26, building_id 27"
G027,R01,roof_pitch_degrees,27.426,degrees,documented,Deterministic reconstruction from recorded geometry + code,"Checkpoint sample, not new simulation. Output rounded to 0.001 m. Capacity is ceiling, not observed use; jobs per Business not whole Building.","artifacts/visual-study/roof-proportions/daylight-near.tsv: draw_index 26, building_id 27"
G028,R01,east_west_m,24.0,m,documented,Recorded draw transform; unit wall/roof mesh,"Checkpoint sample, not new simulation. Output rounded to 0.001 m. Capacity is ceiling, not observed use; jobs per Business not whole Building.","artifacts/visual-study/roof-proportions/daylight-near.tsv: draw_index 27, building_id 28"
G028,R01,south_north_m,24.0,m,documented,Recorded draw transform; unit wall/roof mesh,"Checkpoint sample, not new simulation. Output rounded to 0.001 m. Capacity is ceiling, not observed use; jobs per Business not whole Building.","artifacts/visual-study/roof-proportions/daylight-near.tsv: draw_index 27, building_id 28"
G028,R01,wall_m,10.5,m,documented,Recorded draw transform; unit wall/roof mesh,"Checkpoint sample, not new simulation. Output rounded to 0.001 m. Capacity is ceiling, not observed use; jobs per Business not whole Building.","artifacts/visual-study/roof-proportions/daylight-near.tsv: draw_index 27, building_id 28"
G028,R01,floor_m2,1728,m2,documented,Deterministic reconstruction from recorded geometry + code,"Checkpoint sample, not new simulation. Output rounded to 0.001 m. Capacity is ceiling, not observed use; jobs per Business not whole Building.","artifacts/visual-study/roof-proportions/daylight-near.tsv: draw_index 27, building_id 28"
G028,R01,tenancy_capacity,4,tenancies,documented,Deterministic reconstruction from recorded geometry + code,"Checkpoint sample, not new simulation. Output rounded to 0.001 m. Capacity is ceiling, not observed use; jobs per Business not whole Building.","artifacts/visual-study/roof-proportions/daylight-near.tsv: draw_index 27, building_id 28"
G028,R01,jobs_per_premised_business,9,jobs per Business,documented,Deterministic reconstruction from recorded geometry + code,"Checkpoint sample, not new simulation. Output rounded to 0.001 m. Capacity is ceiling, not observed use; jobs per Business not whole Building.","artifacts/visual-study/roof-proportions/daylight-near.tsv: draw_index 27, building_id 28"
G028,R01,roof_rise_m,3.555,m,documented,Recorded draw transform; unit wall/roof mesh,"Checkpoint sample, not new simulation. Output rounded to 0.001 m. Capacity is ceiling, not observed use; jobs per Business not whole Building.","artifacts/visual-study/roof-proportions/daylight-near.tsv: draw_index 27, building_id 28"
G028,R01,roof_pitch_degrees,29.929,degrees,documented,Deterministic reconstruction from recorded geometry + code,"Checkpoint sample, not new simulation. Output rounded to 0.001 m. Capacity is ceiling, not observed use; jobs per Business not whole Building.","artifacts/visual-study/roof-proportions/daylight-near.tsv: draw_index 27, building_id 28"
G029,R01,east_west_m,60.0,m,documented,Recorded draw transform; unit wall/roof mesh,"Checkpoint sample, not new simulation. Output rounded to 0.001 m. Capacity is ceiling, not observed use; jobs per Business not whole Building.","artifacts/visual-study/roof-proportions/daylight-near.tsv: draw_index 28, building_id 29"
G029,R01,south_north_m,16.0,m,documented,Recorded draw transform; unit wall/roof mesh,"Checkpoint sample, not new simulation. Output rounded to 0.001 m. Capacity is ceiling, not observed use; jobs per Business not whole Building.","artifacts/visual-study/roof-proportions/daylight-near.tsv: draw_index 28, building_id 29"
G029,R01,wall_m,7.0,m,documented,Recorded draw transform; unit wall/roof mesh,"Checkpoint sample, not new simulation. Output rounded to 0.001 m. Capacity is ceiling, not observed use; jobs per Business not whole Building.","artifacts/visual-study/roof-proportions/daylight-near.tsv: draw_index 28, building_id 29"
G029,R01,floor_m2,1920,m2,documented,Deterministic reconstruction from recorded geometry + code,"Checkpoint sample, not new simulation. Output rounded to 0.001 m. Capacity is ceiling, not observed use; jobs per Business not whole Building.","artifacts/visual-study/roof-proportions/daylight-near.tsv: draw_index 28, building_id 29"
G029,R01,tenancy_capacity,4,tenancies,documented,Deterministic reconstruction from recorded geometry + code,"Checkpoint sample, not new simulation. Output rounded to 0.001 m. Capacity is ceiling, not observed use; jobs per Business not whole Building.","artifacts/visual-study/roof-proportions/daylight-near.tsv: draw_index 28, building_id 29"
G029,R01,jobs_per_premised_business,10,jobs per Business,documented,Deterministic reconstruction from recorded geometry + code,"Checkpoint sample, not new simulation. Output rounded to 0.001 m. Capacity is ceiling, not observed use; jobs per Business not whole Building.","artifacts/visual-study/roof-proportions/daylight-near.tsv: draw_index 28, building_id 29"
G029,R01,roof_rise_m,4.458,m,documented,Recorded draw transform; unit wall/roof mesh,"Checkpoint sample, not new simulation. Output rounded to 0.001 m. Capacity is ceiling, not observed use; jobs per Business not whole Building.","artifacts/visual-study/roof-proportions/daylight-near.tsv: draw_index 28, building_id 29"
G029,R01,roof_pitch_degrees,28.097,degrees,documented,Deterministic reconstruction from recorded geometry + code,"Checkpoint sample, not new simulation. Output rounded to 0.001 m. Capacity is ceiling, not observed use; jobs per Business not whole Building.","artifacts/visual-study/roof-proportions/daylight-near.tsv: draw_index 28, building_id 29"
G030,R01,east_west_m,56.0,m,documented,Recorded draw transform; unit wall/roof mesh,"Checkpoint sample, not new simulation. Output rounded to 0.001 m. Capacity is ceiling, not observed use; jobs per Business not whole Building.","artifacts/visual-study/roof-proportions/daylight-near.tsv: draw_index 29, building_id 30"
G030,R01,south_north_m,24.0,m,documented,Recorded draw transform; unit wall/roof mesh,"Checkpoint sample, not new simulation. Output rounded to 0.001 m. Capacity is ceiling, not observed use; jobs per Business not whole Building.","artifacts/visual-study/roof-proportions/daylight-near.tsv: draw_index 29, building_id 30"
G030,R01,wall_m,10.5,m,documented,Recorded draw transform; unit wall/roof mesh,"Checkpoint sample, not new simulation. Output rounded to 0.001 m. Capacity is ceiling, not observed use; jobs per Business not whole Building.","artifacts/visual-study/roof-proportions/daylight-near.tsv: draw_index 29, building_id 30"
G030,R01,floor_m2,4032,m2,documented,Deterministic reconstruction from recorded geometry + code,"Checkpoint sample, not new simulation. Output rounded to 0.001 m. Capacity is ceiling, not observed use; jobs per Business not whole Building.","artifacts/visual-study/roof-proportions/daylight-near.tsv: draw_index 29, building_id 30"
G030,R01,tenancy_capacity,10,tenancies,documented,Deterministic reconstruction from recorded geometry + code,"Checkpoint sample, not new simulation. Output rounded to 0.001 m. Capacity is ceiling, not observed use; jobs per Business not whole Building.","artifacts/visual-study/roof-proportions/daylight-near.tsv: draw_index 29, building_id 30"
G030,R01,jobs_per_premised_business,8,jobs per Business,documented,Deterministic reconstruction from recorded geometry + code,"Checkpoint sample, not new simulation. Output rounded to 0.001 m. Capacity is ceiling, not observed use; jobs per Business not whole Building.","artifacts/visual-study/roof-proportions/daylight-near.tsv: draw_index 29, building_id 30"
G030,R01,roof_rise_m,3.409,m,documented,Recorded draw transform; unit wall/roof mesh,"Checkpoint sample, not new simulation. Output rounded to 0.001 m. Capacity is ceiling, not observed use; jobs per Business not whole Building.","artifacts/visual-study/roof-proportions/daylight-near.tsv: draw_index 29, building_id 30"
G030,R01,roof_pitch_degrees,28.902,degrees,documented,Deterministic reconstruction from recorded geometry + code,"Checkpoint sample, not new simulation. Output rounded to 0.001 m. Capacity is ceiling, not observed use; jobs per Business not whole Building.","artifacts/visual-study/roof-proportions/daylight-near.tsv: draw_index 29, building_id 30"
G031,R01,east_west_m,20.0,m,documented,Recorded draw transform; unit wall/roof mesh,"Checkpoint sample, not new simulation. Output rounded to 0.001 m. Capacity is ceiling, not observed use; jobs per Business not whole Building.","artifacts/visual-study/roof-proportions/daylight-near.tsv: draw_index 30, building_id 31"
G031,R01,south_north_m,28.0,m,documented,Recorded draw transform; unit wall/roof mesh,"Checkpoint sample, not new simulation. Output rounded to 0.001 m. Capacity is ceiling, not observed use; jobs per Business not whole Building.","artifacts/visual-study/roof-proportions/daylight-near.tsv: draw_index 30, building_id 31"
G031,R01,wall_m,7.0,m,documented,Recorded draw transform; unit wall/roof mesh,"Checkpoint sample, not new simulation. Output rounded to 0.001 m. Capacity is ceiling, not observed use; jobs per Business not whole Building.","artifacts/visual-study/roof-proportions/daylight-near.tsv: draw_index 30, building_id 31"
G031,R01,floor_m2,1120,m2,documented,Deterministic reconstruction from recorded geometry + code,"Checkpoint sample, not new simulation. Output rounded to 0.001 m. Capacity is ceiling, not observed use; jobs per Business not whole Building.","artifacts/visual-study/roof-proportions/daylight-near.tsv: draw_index 30, building_id 31"
G031,R01,tenancy_capacity,2,tenancies,documented,Deterministic reconstruction from recorded geometry + code,"Checkpoint sample, not new simulation. Output rounded to 0.001 m. Capacity is ceiling, not observed use; jobs per Business not whole Building.","artifacts/visual-study/roof-proportions/daylight-near.tsv: draw_index 30, building_id 31"
G031,R01,jobs_per_premised_business,11,jobs per Business,documented,Deterministic reconstruction from recorded geometry + code,"Checkpoint sample, not new simulation. Output rounded to 0.001 m. Capacity is ceiling, not observed use; jobs per Business not whole Building.","artifacts/visual-study/roof-proportions/daylight-near.tsv: draw_index 30, building_id 31"
G031,R01,roof_rise_m,3.088,m,documented,Recorded draw transform; unit wall/roof mesh,"Checkpoint sample, not new simulation. Output rounded to 0.001 m. Capacity is ceiling, not observed use; jobs per Business not whole Building.","artifacts/visual-study/roof-proportions/daylight-near.tsv: draw_index 30, building_id 31"
G031,R01,roof_pitch_degrees,30.825,degrees,documented,Deterministic reconstruction from recorded geometry + code,"Checkpoint sample, not new simulation. Output rounded to 0.001 m. Capacity is ceiling, not observed use; jobs per Business not whole Building.","artifacts/visual-study/roof-proportions/daylight-near.tsv: draw_index 30, building_id 31"
G032,R01,east_west_m,28.0,m,documented,Recorded draw transform; unit wall/roof mesh,"Checkpoint sample, not new simulation. Output rounded to 0.001 m. Capacity is ceiling, not observed use; jobs per Business not whole Building.","artifacts/visual-study/roof-proportions/daylight-near.tsv: draw_index 31, building_id 32"
G032,R01,south_north_m,20.0,m,documented,Recorded draw transform; unit wall/roof mesh,"Checkpoint sample, not new simulation. Output rounded to 0.001 m. Capacity is ceiling, not observed use; jobs per Business not whole Building.","artifacts/visual-study/roof-proportions/daylight-near.tsv: draw_index 31, building_id 32"
G032,R01,wall_m,7.0,m,documented,Recorded draw transform; unit wall/roof mesh,"Checkpoint sample, not new simulation. Output rounded to 0.001 m. Capacity is ceiling, not observed use; jobs per Business not whole Building.","artifacts/visual-study/roof-proportions/daylight-near.tsv: draw_index 31, building_id 32"
G032,R01,floor_m2,1120,m2,documented,Deterministic reconstruction from recorded geometry + code,"Checkpoint sample, not new simulation. Output rounded to 0.001 m. Capacity is ceiling, not observed use; jobs per Business not whole Building.","artifacts/visual-study/roof-proportions/daylight-near.tsv: draw_index 31, building_id 32"
G032,R01,tenancy_capacity,2,tenancies,documented,Deterministic reconstruction from recorded geometry + code,"Checkpoint sample, not new simulation. Output rounded to 0.001 m. Capacity is ceiling, not observed use; jobs per Business not whole Building.","artifacts/visual-study/roof-proportions/daylight-near.tsv: draw_index 31, building_id 32"
G032,R01,jobs_per_premised_business,11,jobs per Business,documented,Deterministic reconstruction from recorded geometry + code,"Checkpoint sample, not new simulation. Output rounded to 0.001 m. Capacity is ceiling, not observed use; jobs per Business not whole Building.","artifacts/visual-study/roof-proportions/daylight-near.tsv: draw_index 31, building_id 32"
G032,R01,roof_rise_m,2.998,m,documented,Recorded draw transform; unit wall/roof mesh,"Checkpoint sample, not new simulation. Output rounded to 0.001 m. Capacity is ceiling, not observed use; jobs per Business not whole Building.","artifacts/visual-study/roof-proportions/daylight-near.tsv: draw_index 31, building_id 32"
G032,R01,roof_pitch_degrees,30.085,degrees,documented,Deterministic reconstruction from recorded geometry + code,"Checkpoint sample, not new simulation. Output rounded to 0.001 m. Capacity is ceiling, not observed use; jobs per Business not whole Building.","artifacts/visual-study/roof-proportions/daylight-near.tsv: draw_index 31, building_id 32"
G033,R01,east_west_m,16.0,m,documented,Recorded draw transform; unit wall/roof mesh,"Checkpoint sample, not new simulation. Output rounded to 0.001 m. Capacity is ceiling, not observed use; jobs per Business not whole Building.","artifacts/visual-study/roof-proportions/daylight-near.tsv: draw_index 32, building_id 33"
G033,R01,south_north_m,56.0,m,documented,Recorded draw transform; unit wall/roof mesh,"Checkpoint sample, not new simulation. Output rounded to 0.001 m. Capacity is ceiling, not observed use; jobs per Business not whole Building.","artifacts/visual-study/roof-proportions/daylight-near.tsv: draw_index 32, building_id 33"
G033,R01,wall_m,10.5,m,documented,Recorded draw transform; unit wall/roof mesh,"Checkpoint sample, not new simulation. Output rounded to 0.001 m. Capacity is ceiling, not observed use; jobs per Business not whole Building.","artifacts/visual-study/roof-proportions/daylight-near.tsv: draw_index 32, building_id 33"
G033,R01,floor_m2,2688,m2,documented,Deterministic reconstruction from recorded geometry + code,"Checkpoint sample, not new simulation. Output rounded to 0.001 m. Capacity is ceiling, not observed use; jobs per Business not whole Building.","artifacts/visual-study/roof-proportions/daylight-near.tsv: draw_index 32, building_id 33"
G033,R01,tenancy_capacity,6,tenancies,documented,Deterministic reconstruction from recorded geometry + code,"Checkpoint sample, not new simulation. Output rounded to 0.001 m. Capacity is ceiling, not observed use; jobs per Business not whole Building.","artifacts/visual-study/roof-proportions/daylight-near.tsv: draw_index 32, building_id 33"
G033,R01,jobs_per_premised_business,9,jobs per Business,documented,Deterministic reconstruction from recorded geometry + code,"Checkpoint sample, not new simulation. Output rounded to 0.001 m. Capacity is ceiling, not observed use; jobs per Business not whole Building.","artifacts/visual-study/roof-proportions/daylight-near.tsv: draw_index 32, building_id 33"
G033,R01,roof_rise_m,4.094,m,documented,Recorded draw transform; unit wall/roof mesh,"Checkpoint sample, not new simulation. Output rounded to 0.001 m. Capacity is ceiling, not observed use; jobs per Business not whole Building.","artifacts/visual-study/roof-proportions/daylight-near.tsv: draw_index 32, building_id 33"
G033,R01,roof_pitch_degrees,26.119,degrees,documented,Deterministic reconstruction from recorded geometry + code,"Checkpoint sample, not new simulation. Output rounded to 0.001 m. Capacity is ceiling, not observed use; jobs per Business not whole Building.","artifacts/visual-study/roof-proportions/daylight-near.tsv: draw_index 32, building_id 33"
G034,R01,east_west_m,20.0,m,documented,Recorded draw transform; unit wall/roof mesh,"Checkpoint sample, not new simulation. Output rounded to 0.001 m. Capacity is ceiling, not observed use; jobs per Business not whole Building.","artifacts/visual-study/roof-proportions/daylight-near.tsv: draw_index 33, building_id 34"
G034,R01,south_north_m,28.0,m,documented,Recorded draw transform; unit wall/roof mesh,"Checkpoint sample, not new simulation. Output rounded to 0.001 m. Capacity is ceiling, not observed use; jobs per Business not whole Building.","artifacts/visual-study/roof-proportions/daylight-near.tsv: draw_index 33, building_id 34"
G034,R01,wall_m,10.5,m,documented,Recorded draw transform; unit wall/roof mesh,"Checkpoint sample, not new simulation. Output rounded to 0.001 m. Capacity is ceiling, not observed use; jobs per Business not whole Building.","artifacts/visual-study/roof-proportions/daylight-near.tsv: draw_index 33, building_id 34"
G034,R01,floor_m2,1680,m2,documented,Deterministic reconstruction from recorded geometry + code,"Checkpoint sample, not new simulation. Output rounded to 0.001 m. Capacity is ceiling, not observed use; jobs per Business not whole Building.","artifacts/visual-study/roof-proportions/daylight-near.tsv: draw_index 33, building_id 34"
G034,R01,tenancy_capacity,4,tenancies,documented,Deterministic reconstruction from recorded geometry + code,"Checkpoint sample, not new simulation. Output rounded to 0.001 m. Capacity is ceiling, not observed use; jobs per Business not whole Building.","artifacts/visual-study/roof-proportions/daylight-near.tsv: draw_index 33, building_id 34"
G034,R01,jobs_per_premised_business,8,jobs per Business,documented,Deterministic reconstruction from recorded geometry + code,"Checkpoint sample, not new simulation. Output rounded to 0.001 m. Capacity is ceiling, not observed use; jobs per Business not whole Building.","artifacts/visual-study/roof-proportions/daylight-near.tsv: draw_index 33, building_id 34"
G034,R01,roof_rise_m,2.676,m,documented,Recorded draw transform; unit wall/roof mesh,"Checkpoint sample, not new simulation. Output rounded to 0.001 m. Capacity is ceiling, not observed use; jobs per Business not whole Building.","artifacts/visual-study/roof-proportions/daylight-near.tsv: draw_index 33, building_id 34"
G034,R01,roof_pitch_degrees,27.344,degrees,documented,Deterministic reconstruction from recorded geometry + code,"Checkpoint sample, not new simulation. Output rounded to 0.001 m. Capacity is ceiling, not observed use; jobs per Business not whole Building.","artifacts/visual-study/roof-proportions/daylight-near.tsv: draw_index 33, building_id 34"
G035,R01,east_west_m,20.0,m,documented,Recorded draw transform; unit wall/roof mesh,"Checkpoint sample, not new simulation. Output rounded to 0.001 m. Capacity is ceiling, not observed use; jobs per Business not whole Building.","artifacts/visual-study/roof-proportions/daylight-near.tsv: draw_index 34, building_id 35"
G035,R01,south_north_m,20.0,m,documented,Recorded draw transform; unit wall/roof mesh,"Checkpoint sample, not new simulation. Output rounded to 0.001 m. Capacity is ceiling, not observed use; jobs per Business not whole Building.","artifacts/visual-study/roof-proportions/daylight-near.tsv: draw_index 34, building_id 35"
G035,R01,wall_m,10.5,m,documented,Recorded draw transform; unit wall/roof mesh,"Checkpoint sample, not new simulation. Output rounded to 0.001 m. Capacity is ceiling, not observed use; jobs per Business not whole Building.","artifacts/visual-study/roof-proportions/daylight-near.tsv: draw_index 34, building_id 35"
G035,R01,floor_m2,1200,m2,documented,Deterministic reconstruction from recorded geometry + code,"Checkpoint sample, not new simulation. Output rounded to 0.001 m. Capacity is ceiling, not observed use; jobs per Business not whole Building.","artifacts/visual-study/roof-proportions/daylight-near.tsv: draw_index 34, building_id 35"
G035,R01,tenancy_capacity,3,tenancies,documented,Deterministic reconstruction from recorded geometry + code,"Checkpoint sample, not new simulation. Output rounded to 0.001 m. Capacity is ceiling, not observed use; jobs per Business not whole Building.","artifacts/visual-study/roof-proportions/daylight-near.tsv: draw_index 34, building_id 35"
G035,R01,jobs_per_premised_business,8,jobs per Business,documented,Deterministic reconstruction from recorded geometry + code,"Checkpoint sample, not new simulation. Output rounded to 0.001 m. Capacity is ceiling, not observed use; jobs per Business not whole Building.","artifacts/visual-study/roof-proportions/daylight-near.tsv: draw_index 34, building_id 35"
G035,R01,roof_rise_m,3.222,m,documented,Recorded draw transform; unit wall/roof mesh,"Checkpoint sample, not new simulation. Output rounded to 0.001 m. Capacity is ceiling, not observed use; jobs per Business not whole Building.","artifacts/visual-study/roof-proportions/daylight-near.tsv: draw_index 34, building_id 35"
G035,R01,roof_pitch_degrees,31.907,degrees,documented,Deterministic reconstruction from recorded geometry + code,"Checkpoint sample, not new simulation. Output rounded to 0.001 m. Capacity is ceiling, not observed use; jobs per Business not whole Building.","artifacts/visual-study/roof-proportions/daylight-near.tsv: draw_index 34, building_id 35"
G036,R01,east_west_m,28.0,m,documented,Recorded draw transform; unit wall/roof mesh,"Checkpoint sample, not new simulation. Output rounded to 0.001 m. Capacity is ceiling, not observed use; jobs per Business not whole Building.","artifacts/visual-study/roof-proportions/daylight-near.tsv: draw_index 35, building_id 36"
G036,R01,south_north_m,16.0,m,documented,Recorded draw transform; unit wall/roof mesh,"Checkpoint sample, not new simulation. Output rounded to 0.001 m. Capacity is ceiling, not observed use; jobs per Business not whole Building.","artifacts/visual-study/roof-proportions/daylight-near.tsv: draw_index 35, building_id 36"
G036,R01,wall_m,10.5,m,documented,Recorded draw transform; unit wall/roof mesh,"Checkpoint sample, not new simulation. Output rounded to 0.001 m. Capacity is ceiling, not observed use; jobs per Business not whole Building.","artifacts/visual-study/roof-proportions/daylight-near.tsv: draw_index 35, building_id 36"
G036,R01,floor_m2,1344,m2,documented,Deterministic reconstruction from recorded geometry + code,"Checkpoint sample, not new simulation. Output rounded to 0.001 m. Capacity is ceiling, not observed use; jobs per Business not whole Building.","artifacts/visual-study/roof-proportions/daylight-near.tsv: draw_index 35, building_id 36"
G036,R01,tenancy_capacity,3,tenancies,documented,Deterministic reconstruction from recorded geometry + code,"Checkpoint sample, not new simulation. Output rounded to 0.001 m. Capacity is ceiling, not observed use; jobs per Business not whole Building.","artifacts/visual-study/roof-proportions/daylight-near.tsv: draw_index 35, building_id 36"
G036,R01,jobs_per_premised_business,9,jobs per Business,documented,Deterministic reconstruction from recorded geometry + code,"Checkpoint sample, not new simulation. Output rounded to 0.001 m. Capacity is ceiling, not observed use; jobs per Business not whole Building.","artifacts/visual-study/roof-proportions/daylight-near.tsv: draw_index 35, building_id 36"
G036,R01,roof_rise_m,4.138,m,documented,Recorded draw transform; unit wall/roof mesh,"Checkpoint sample, not new simulation. Output rounded to 0.001 m. Capacity is ceiling, not observed use; jobs per Business not whole Building.","artifacts/visual-study/roof-proportions/daylight-near.tsv: draw_index 35, building_id 36"
G036,R01,roof_pitch_degrees,26.362,degrees,documented,Deterministic reconstruction from recorded geometry + code,"Checkpoint sample, not new simulation. Output rounded to 0.001 m. Capacity is ceiling, not observed use; jobs per Business not whole Building.","artifacts/visual-study/roof-proportions/daylight-near.tsv: draw_index 35, building_id 36"
G037,R01,east_west_m,28.0,m,documented,Recorded draw transform; unit wall/roof mesh,"Checkpoint sample, not new simulation. Output rounded to 0.001 m. Capacity is ceiling, not observed use; jobs per Business not whole Building.","artifacts/visual-study/roof-proportions/daylight-near.tsv: draw_index 36, building_id 37"
G037,R01,south_north_m,20.0,m,documented,Recorded draw transform; unit wall/roof mesh,"Checkpoint sample, not new simulation. Output rounded to 0.001 m. Capacity is ceiling, not observed use; jobs per Business not whole Building.","artifacts/visual-study/roof-proportions/daylight-near.tsv: draw_index 36, building_id 37"
G037,R01,wall_m,10.5,m,documented,Recorded draw transform; unit wall/roof mesh,"Checkpoint sample, not new simulation. Output rounded to 0.001 m. Capacity is ceiling, not observed use; jobs per Business not whole Building.","artifacts/visual-study/roof-proportions/daylight-near.tsv: draw_index 36, building_id 37"
G037,R01,floor_m2,1680,m2,documented,Deterministic reconstruction from recorded geometry + code,"Checkpoint sample, not new simulation. Output rounded to 0.001 m. Capacity is ceiling, not observed use; jobs per Business not whole Building.","artifacts/visual-study/roof-proportions/daylight-near.tsv: draw_index 36, building_id 37"
G037,R01,tenancy_capacity,4,tenancies,documented,Deterministic reconstruction from recorded geometry + code,"Checkpoint sample, not new simulation. Output rounded to 0.001 m. Capacity is ceiling, not observed use; jobs per Business not whole Building.","artifacts/visual-study/roof-proportions/daylight-near.tsv: draw_index 36, building_id 37"
G037,R01,jobs_per_premised_business,8,jobs per Business,documented,Deterministic reconstruction from recorded geometry + code,"Checkpoint sample, not new simulation. Output rounded to 0.001 m. Capacity is ceiling, not observed use; jobs per Business not whole Building.","artifacts/visual-study/roof-proportions/daylight-near.tsv: draw_index 36, building_id 37"
G037,R01,roof_rise_m,2.837,m,documented,Recorded draw transform; unit wall/roof mesh,"Checkpoint sample, not new simulation. Output rounded to 0.001 m. Capacity is ceiling, not observed use; jobs per Business not whole Building.","artifacts/visual-study/roof-proportions/daylight-near.tsv: draw_index 36, building_id 37"
G037,R01,roof_pitch_degrees,28.732,degrees,documented,Deterministic reconstruction from recorded geometry + code,"Checkpoint sample, not new simulation. Output rounded to 0.001 m. Capacity is ceiling, not observed use; jobs per Business not whole Building.","artifacts/visual-study/roof-proportions/daylight-near.tsv: draw_index 36, building_id 37"
G038,R01,east_west_m,32.0,m,documented,Recorded draw transform; unit wall/roof mesh,"Checkpoint sample, not new simulation. Output rounded to 0.001 m. Capacity is ceiling, not observed use; jobs per Business not whole Building.","artifacts/visual-study/roof-proportions/daylight-near.tsv: draw_index 37, building_id 38"
G038,R01,south_north_m,28.0,m,documented,Recorded draw transform; unit wall/roof mesh,"Checkpoint sample, not new simulation. Output rounded to 0.001 m. Capacity is ceiling, not observed use; jobs per Business not whole Building.","artifacts/visual-study/roof-proportions/daylight-near.tsv: draw_index 37, building_id 38"
G038,R01,wall_m,7.0,m,documented,Recorded draw transform; unit wall/roof mesh,"Checkpoint sample, not new simulation. Output rounded to 0.001 m. Capacity is ceiling, not observed use; jobs per Business not whole Building.","artifacts/visual-study/roof-proportions/daylight-near.tsv: draw_index 37, building_id 38"
G038,R01,floor_m2,1792,m2,documented,Deterministic reconstruction from recorded geometry + code,"Checkpoint sample, not new simulation. Output rounded to 0.001 m. Capacity is ceiling, not observed use; jobs per Business not whole Building.","artifacts/visual-study/roof-proportions/daylight-near.tsv: draw_index 37, building_id 38"
G038,R01,tenancy_capacity,4,tenancies,documented,Deterministic reconstruction from recorded geometry + code,"Checkpoint sample, not new simulation. Output rounded to 0.001 m. Capacity is ceiling, not observed use; jobs per Business not whole Building.","artifacts/visual-study/roof-proportions/daylight-near.tsv: draw_index 37, building_id 38"
G038,R01,jobs_per_premised_business,9,jobs per Business,documented,Deterministic reconstruction from recorded geometry + code,"Checkpoint sample, not new simulation. Output rounded to 0.001 m. Capacity is ceiling, not observed use; jobs per Business not whole Building.","artifacts/visual-study/roof-proportions/daylight-near.tsv: draw_index 37, building_id 38"
G038,R01,roof_rise_m,4.5,m,documented,Recorded draw transform; unit wall/roof mesh,"Checkpoint sample, not new simulation. Output rounded to 0.001 m. Capacity is ceiling, not observed use; jobs per Business not whole Building.","artifacts/visual-study/roof-proportions/daylight-near.tsv: draw_index 37, building_id 38"
G038,R01,roof_pitch_degrees,32.095,degrees,documented,Deterministic reconstruction from recorded geometry + code,"Checkpoint sample, not new simulation. Output rounded to 0.001 m. Capacity is ceiling, not observed use; jobs per Business not whole Building.","artifacts/visual-study/roof-proportions/daylight-near.tsv: draw_index 37, building_id 38"
G039,R01,east_west_m,36.0,m,documented,Recorded draw transform; unit wall/roof mesh,"Checkpoint sample, not new simulation. Output rounded to 0.001 m. Capacity is ceiling, not observed use; jobs per Business not whole Building.","artifacts/visual-study/roof-proportions/daylight-near.tsv: draw_index 38, building_id 39"
G039,R01,south_north_m,20.0,m,documented,Recorded draw transform; unit wall/roof mesh,"Checkpoint sample, not new simulation. Output rounded to 0.001 m. Capacity is ceiling, not observed use; jobs per Business not whole Building.","artifacts/visual-study/roof-proportions/daylight-near.tsv: draw_index 38, building_id 39"
G039,R01,wall_m,10.5,m,documented,Recorded draw transform; unit wall/roof mesh,"Checkpoint sample, not new simulation. Output rounded to 0.001 m. Capacity is ceiling, not observed use; jobs per Business not whole Building.","artifacts/visual-study/roof-proportions/daylight-near.tsv: draw_index 38, building_id 39"
G039,R01,floor_m2,2160,m2,documented,Deterministic reconstruction from recorded geometry + code,"Checkpoint sample, not new simulation. Output rounded to 0.001 m. Capacity is ceiling, not observed use; jobs per Business not whole Building.","artifacts/visual-study/roof-proportions/daylight-near.tsv: draw_index 38, building_id 39"
G039,R01,tenancy_capacity,5,tenancies,documented,Deterministic reconstruction from recorded geometry + code,"Checkpoint sample, not new simulation. Output rounded to 0.001 m. Capacity is ceiling, not observed use; jobs per Business not whole Building.","artifacts/visual-study/roof-proportions/daylight-near.tsv: draw_index 38, building_id 39"
G039,R01,jobs_per_premised_business,9,jobs per Business,documented,Deterministic reconstruction from recorded geometry + code,"Checkpoint sample, not new simulation. Output rounded to 0.001 m. Capacity is ceiling, not observed use; jobs per Business not whole Building.","artifacts/visual-study/roof-proportions/daylight-near.tsv: draw_index 38, building_id 39"
G039,R01,roof_rise_m,2.841,m,documented,Recorded draw transform; unit wall/roof mesh,"Checkpoint sample, not new simulation. Output rounded to 0.001 m. Capacity is ceiling, not observed use; jobs per Business not whole Building.","artifacts/visual-study/roof-proportions/daylight-near.tsv: draw_index 38, building_id 39"
G039,R01,roof_pitch_degrees,28.766,degrees,documented,Deterministic reconstruction from recorded geometry + code,"Checkpoint sample, not new simulation. Output rounded to 0.001 m. Capacity is ceiling, not observed use; jobs per Business not whole Building.","artifacts/visual-study/roof-proportions/daylight-near.tsv: draw_index 38, building_id 39"
G040,R01,east_west_m,32.0,m,documented,Recorded draw transform; unit wall/roof mesh,"Checkpoint sample, not new simulation. Output rounded to 0.001 m. Capacity is ceiling, not observed use; jobs per Business not whole Building.","artifacts/visual-study/roof-proportions/daylight-near.tsv: draw_index 39, building_id 40"
G040,R01,south_north_m,20.0,m,documented,Recorded draw transform; unit wall/roof mesh,"Checkpoint sample, not new simulation. Output rounded to 0.001 m. Capacity is ceiling, not observed use; jobs per Business not whole Building.","artifacts/visual-study/roof-proportions/daylight-near.tsv: draw_index 39, building_id 40"
G040,R01,wall_m,7.0,m,documented,Recorded draw transform; unit wall/roof mesh,"Checkpoint sample, not new simulation. Output rounded to 0.001 m. Capacity is ceiling, not observed use; jobs per Business not whole Building.","artifacts/visual-study/roof-proportions/daylight-near.tsv: draw_index 39, building_id 40"
G040,R01,floor_m2,1280,m2,documented,Deterministic reconstruction from recorded geometry + code,"Checkpoint sample, not new simulation. Output rounded to 0.001 m. Capacity is ceiling, not observed use; jobs per Business not whole Building.","artifacts/visual-study/roof-proportions/daylight-near.tsv: draw_index 39, building_id 40"
G040,R01,tenancy_capacity,3,tenancies,documented,Deterministic reconstruction from recorded geometry + code,"Checkpoint sample, not new simulation. Output rounded to 0.001 m. Capacity is ceiling, not observed use; jobs per Business not whole Building.","artifacts/visual-study/roof-proportions/daylight-near.tsv: draw_index 39, building_id 40"
G040,R01,jobs_per_premised_business,8,jobs per Business,documented,Deterministic reconstruction from recorded geometry + code,"Checkpoint sample, not new simulation. Output rounded to 0.001 m. Capacity is ceiling, not observed use; jobs per Business not whole Building.","artifacts/visual-study/roof-proportions/daylight-near.tsv: draw_index 39, building_id 40"
G040,R01,roof_rise_m,3.182,m,documented,Recorded draw transform; unit wall/roof mesh,"Checkpoint sample, not new simulation. Output rounded to 0.001 m. Capacity is ceiling, not observed use; jobs per Business not whole Building.","artifacts/visual-study/roof-proportions/daylight-near.tsv: draw_index 39, building_id 40"
G040,R01,roof_pitch_degrees,31.586,degrees,documented,Deterministic reconstruction from recorded geometry + code,"Checkpoint sample, not new simulation. Output rounded to 0.001 m. Capacity is ceiling, not observed use; jobs per Business not whole Building.","artifacts/visual-study/roof-proportions/daylight-near.tsv: draw_index 39, building_id 40"
G041,R01,east_west_m,24.0,m,documented,Recorded draw transform; unit wall/roof mesh,"Checkpoint sample, not new simulation. Output rounded to 0.001 m. Capacity is ceiling, not observed use; jobs per Business not whole Building.","artifacts/visual-study/roof-proportions/daylight-near.tsv: draw_index 40, building_id 41"
G041,R01,south_north_m,20.0,m,documented,Recorded draw transform; unit wall/roof mesh,"Checkpoint sample, not new simulation. Output rounded to 0.001 m. Capacity is ceiling, not observed use; jobs per Business not whole Building.","artifacts/visual-study/roof-proportions/daylight-near.tsv: draw_index 40, building_id 41"
G041,R01,wall_m,10.5,m,documented,Recorded draw transform; unit wall/roof mesh,"Checkpoint sample, not new simulation. Output rounded to 0.001 m. Capacity is ceiling, not observed use; jobs per Business not whole Building.","artifacts/visual-study/roof-proportions/daylight-near.tsv: draw_index 40, building_id 41"
G041,R01,floor_m2,1440,m2,documented,Deterministic reconstruction from recorded geometry + code,"Checkpoint sample, not new simulation. Output rounded to 0.001 m. Capacity is ceiling, not observed use; jobs per Business not whole Building.","artifacts/visual-study/roof-proportions/daylight-near.tsv: draw_index 40, building_id 41"
G041,R01,tenancy_capacity,3,tenancies,documented,Deterministic reconstruction from recorded geometry + code,"Checkpoint sample, not new simulation. Output rounded to 0.001 m. Capacity is ceiling, not observed use; jobs per Business not whole Building.","artifacts/visual-study/roof-proportions/daylight-near.tsv: draw_index 40, building_id 41"
G041,R01,jobs_per_premised_business,10,jobs per Business,documented,Deterministic reconstruction from recorded geometry + code,"Checkpoint sample, not new simulation. Output rounded to 0.001 m. Capacity is ceiling, not observed use; jobs per Business not whole Building.","artifacts/visual-study/roof-proportions/daylight-near.tsv: draw_index 40, building_id 41"
G041,R01,roof_rise_m,3.018,m,documented,Recorded draw transform; unit wall/roof mesh,"Checkpoint sample, not new simulation. Output rounded to 0.001 m. Capacity is ceiling, not observed use; jobs per Business not whole Building.","artifacts/visual-study/roof-proportions/daylight-near.tsv: draw_index 40, building_id 41"
G041,R01,roof_pitch_degrees,30.25,degrees,documented,Deterministic reconstruction from recorded geometry + code,"Checkpoint sample, not new simulation. Output rounded to 0.001 m. Capacity is ceiling, not observed use; jobs per Business not whole Building.","artifacts/visual-study/roof-proportions/daylight-near.tsv: draw_index 40, building_id 41"
G042,R01,east_west_m,36.0,m,documented,Recorded draw transform; unit wall/roof mesh,"Checkpoint sample, not new simulation. Output rounded to 0.001 m. Capacity is ceiling, not observed use; jobs per Business not whole Building.","artifacts/visual-study/roof-proportions/daylight-near.tsv: draw_index 41, building_id 42"
G042,R01,south_north_m,24.0,m,documented,Recorded draw transform; unit wall/roof mesh,"Checkpoint sample, not new simulation. Output rounded to 0.001 m. Capacity is ceiling, not observed use; jobs per Business not whole Building.","artifacts/visual-study/roof-proportions/daylight-near.tsv: draw_index 41, building_id 42"
G042,R01,wall_m,10.5,m,documented,Recorded draw transform; unit wall/roof mesh,"Checkpoint sample, not new simulation. Output rounded to 0.001 m. Capacity is ceiling, not observed use; jobs per Business not whole Building.","artifacts/visual-study/roof-proportions/daylight-near.tsv: draw_index 41, building_id 42"
G042,R01,floor_m2,2592,m2,documented,Deterministic reconstruction from recorded geometry + code,"Checkpoint sample, not new simulation. Output rounded to 0.001 m. Capacity is ceiling, not observed use; jobs per Business not whole Building.","artifacts/visual-study/roof-proportions/daylight-near.tsv: draw_index 41, building_id 42"
G042,R01,tenancy_capacity,6,tenancies,documented,Deterministic reconstruction from recorded geometry + code,"Checkpoint sample, not new simulation. Output rounded to 0.001 m. Capacity is ceiling, not observed use; jobs per Business not whole Building.","artifacts/visual-study/roof-proportions/daylight-near.tsv: draw_index 41, building_id 42"
G042,R01,jobs_per_premised_business,9,jobs per Business,documented,Deterministic reconstruction from recorded geometry + code,"Checkpoint sample, not new simulation. Output rounded to 0.001 m. Capacity is ceiling, not observed use; jobs per Business not whole Building.","artifacts/visual-study/roof-proportions/daylight-near.tsv: draw_index 41, building_id 42"
G042,R01,roof_rise_m,3.235,m,documented,Recorded draw transform; unit wall/roof mesh,"Checkpoint sample, not new simulation. Output rounded to 0.001 m. Capacity is ceiling, not observed use; jobs per Business not whole Building.","artifacts/visual-study/roof-proportions/daylight-near.tsv: draw_index 41, building_id 42"
G042,R01,roof_pitch_degrees,27.649,degrees,documented,Deterministic reconstruction from recorded geometry + code,"Checkpoint sample, not new simulation. Output rounded to 0.001 m. Capacity is ceiling, not observed use; jobs per Business not whole Building.","artifacts/visual-study/roof-proportions/daylight-near.tsv: draw_index 41, building_id 42"
G043,R01,east_west_m,40.0,m,documented,Recorded draw transform; unit wall/roof mesh,"Checkpoint sample, not new simulation. Output rounded to 0.001 m. Capacity is ceiling, not observed use; jobs per Business not whole Building.","artifacts/visual-study/roof-proportions/daylight-near.tsv: draw_index 42, building_id 43"
G043,R01,south_north_m,24.0,m,documented,Recorded draw transform; unit wall/roof mesh,"Checkpoint sample, not new simulation. Output rounded to 0.001 m. Capacity is ceiling, not observed use; jobs per Business not whole Building.","artifacts/visual-study/roof-proportions/daylight-near.tsv: draw_index 42, building_id 43"
G043,R01,wall_m,10.5,m,documented,Recorded draw transform; unit wall/roof mesh,"Checkpoint sample, not new simulation. Output rounded to 0.001 m. Capacity is ceiling, not observed use; jobs per Business not whole Building.","artifacts/visual-study/roof-proportions/daylight-near.tsv: draw_index 42, building_id 43"
G043,R01,floor_m2,2880,m2,documented,Deterministic reconstruction from recorded geometry + code,"Checkpoint sample, not new simulation. Output rounded to 0.001 m. Capacity is ceiling, not observed use; jobs per Business not whole Building.","artifacts/visual-study/roof-proportions/daylight-near.tsv: draw_index 42, building_id 43"
G043,R01,tenancy_capacity,7,tenancies,documented,Deterministic reconstruction from recorded geometry + code,"Checkpoint sample, not new simulation. Output rounded to 0.001 m. Capacity is ceiling, not observed use; jobs per Business not whole Building.","artifacts/visual-study/roof-proportions/daylight-near.tsv: draw_index 42, building_id 43"
G043,R01,jobs_per_premised_business,8,jobs per Business,documented,Deterministic reconstruction from recorded geometry + code,"Checkpoint sample, not new simulation. Output rounded to 0.001 m. Capacity is ceiling, not observed use; jobs per Business not whole Building.","artifacts/visual-study/roof-proportions/daylight-near.tsv: draw_index 42, building_id 43"
G043,R01,roof_rise_m,4.111,m,documented,Recorded draw transform; unit wall/roof mesh,"Checkpoint sample, not new simulation. Output rounded to 0.001 m. Capacity is ceiling, not observed use; jobs per Business not whole Building.","artifacts/visual-study/roof-proportions/daylight-near.tsv: draw_index 42, building_id 43"
G043,R01,roof_pitch_degrees,33.654,degrees,documented,Deterministic reconstruction from recorded geometry + code,"Checkpoint sample, not new simulation. Output rounded to 0.001 m. Capacity is ceiling, not observed use; jobs per Business not whole Building.","artifacts/visual-study/roof-proportions/daylight-near.tsv: draw_index 42, building_id 43"
G044,R01,east_west_m,40.0,m,documented,Recorded draw transform; unit wall/roof mesh,"Checkpoint sample, not new simulation. Output rounded to 0.001 m. Capacity is ceiling, not observed use; jobs per Business not whole Building.","artifacts/visual-study/roof-proportions/daylight-near.tsv: draw_index 43, building_id 44"
G044,R01,south_north_m,24.0,m,documented,Recorded draw transform; unit wall/roof mesh,"Checkpoint sample, not new simulation. Output rounded to 0.001 m. Capacity is ceiling, not observed use; jobs per Business not whole Building.","artifacts/visual-study/roof-proportions/daylight-near.tsv: draw_index 43, building_id 44"
G044,R01,wall_m,10.5,m,documented,Recorded draw transform; unit wall/roof mesh,"Checkpoint sample, not new simulation. Output rounded to 0.001 m. Capacity is ceiling, not observed use; jobs per Business not whole Building.","artifacts/visual-study/roof-proportions/daylight-near.tsv: draw_index 43, building_id 44"
G044,R01,floor_m2,2880,m2,documented,Deterministic reconstruction from recorded geometry + code,"Checkpoint sample, not new simulation. Output rounded to 0.001 m. Capacity is ceiling, not observed use; jobs per Business not whole Building.","artifacts/visual-study/roof-proportions/daylight-near.tsv: draw_index 43, building_id 44"
G044,R01,tenancy_capacity,7,tenancies,documented,Deterministic reconstruction from recorded geometry + code,"Checkpoint sample, not new simulation. Output rounded to 0.001 m. Capacity is ceiling, not observed use; jobs per Business not whole Building.","artifacts/visual-study/roof-proportions/daylight-near.tsv: draw_index 43, building_id 44"
G044,R01,jobs_per_premised_business,8,jobs per Business,documented,Deterministic reconstruction from recorded geometry + code,"Checkpoint sample, not new simulation. Output rounded to 0.001 m. Capacity is ceiling, not observed use; jobs per Business not whole Building.","artifacts/visual-study/roof-proportions/daylight-near.tsv: draw_index 43, building_id 44"
G044,R01,roof_rise_m,3.193,m,documented,Recorded draw transform; unit wall/roof mesh,"Checkpoint sample, not new simulation. Output rounded to 0.001 m. Capacity is ceiling, not observed use; jobs per Business not whole Building.","artifacts/visual-study/roof-proportions/daylight-near.tsv: draw_index 43, building_id 44"
G044,R01,roof_pitch_degrees,27.343,degrees,documented,Deterministic reconstruction from recorded geometry + code,"Checkpoint sample, not new simulation. Output rounded to 0.001 m. Capacity is ceiling, not observed use; jobs per Business not whole Building.","artifacts/visual-study/roof-proportions/daylight-near.tsv: draw_index 43, building_id 44"
G045,R01,east_west_m,36.0,m,documented,Recorded draw transform; unit wall/roof mesh,"Checkpoint sample, not new simulation. Output rounded to 0.001 m. Capacity is ceiling, not observed use; jobs per Business not whole Building.","artifacts/visual-study/roof-proportions/daylight-near.tsv: draw_index 44, building_id 45"
G045,R01,south_north_m,24.0,m,documented,Recorded draw transform; unit wall/roof mesh,"Checkpoint sample, not new simulation. Output rounded to 0.001 m. Capacity is ceiling, not observed use; jobs per Business not whole Building.","artifacts/visual-study/roof-proportions/daylight-near.tsv: draw_index 44, building_id 45"
G045,R01,wall_m,7.0,m,documented,Recorded draw transform; unit wall/roof mesh,"Checkpoint sample, not new simulation. Output rounded to 0.001 m. Capacity is ceiling, not observed use; jobs per Business not whole Building.","artifacts/visual-study/roof-proportions/daylight-near.tsv: draw_index 44, building_id 45"
G045,R01,floor_m2,1728,m2,documented,Deterministic reconstruction from recorded geometry + code,"Checkpoint sample, not new simulation. Output rounded to 0.001 m. Capacity is ceiling, not observed use; jobs per Business not whole Building.","artifacts/visual-study/roof-proportions/daylight-near.tsv: draw_index 44, building_id 45"
G045,R01,tenancy_capacity,4,tenancies,documented,Deterministic reconstruction from recorded geometry + code,"Checkpoint sample, not new simulation. Output rounded to 0.001 m. Capacity is ceiling, not observed use; jobs per Business not whole Building.","artifacts/visual-study/roof-proportions/daylight-near.tsv: draw_index 44, building_id 45"
G045,R01,jobs_per_premised_business,9,jobs per Business,documented,Deterministic reconstruction from recorded geometry + code,"Checkpoint sample, not new simulation. Output rounded to 0.001 m. Capacity is ceiling, not observed use; jobs per Business not whole Building.","artifacts/visual-study/roof-proportions/daylight-near.tsv: draw_index 44, building_id 45"
G045,R01,roof_rise_m,4.144,m,documented,Recorded draw transform; unit wall/roof mesh,"Checkpoint sample, not new simulation. Output rounded to 0.001 m. Capacity is ceiling, not observed use; jobs per Business not whole Building.","artifacts/visual-study/roof-proportions/daylight-near.tsv: draw_index 44, building_id 45"
G045,R01,roof_pitch_degrees,33.865,degrees,documented,Deterministic reconstruction from recorded geometry + code,"Checkpoint sample, not new simulation. Output rounded to 0.001 m. Capacity is ceiling, not observed use; jobs per Business not whole Building.","artifacts/visual-study/roof-proportions/daylight-near.tsv: draw_index 44, building_id 45"
G046,R01,east_west_m,20.0,m,documented,Recorded draw transform; unit wall/roof mesh,"Checkpoint sample, not new simulation. Output rounded to 0.001 m. Capacity is ceiling, not observed use; jobs per Business not whole Building.","artifacts/visual-study/roof-proportions/daylight-near.tsv: draw_index 45, building_id 46"
G046,R01,south_north_m,20.0,m,documented,Recorded draw transform; unit wall/roof mesh,"Checkpoint sample, not new simulation. Output rounded to 0.001 m. Capacity is ceiling, not observed use; jobs per Business not whole Building.","artifacts/visual-study/roof-proportions/daylight-near.tsv: draw_index 45, building_id 46"
G046,R01,wall_m,10.5,m,documented,Recorded draw transform; unit wall/roof mesh,"Checkpoint sample, not new simulation. Output rounded to 0.001 m. Capacity is ceiling, not observed use; jobs per Business not whole Building.","artifacts/visual-study/roof-proportions/daylight-near.tsv: draw_index 45, building_id 46"
G046,R01,floor_m2,1200,m2,documented,Deterministic reconstruction from recorded geometry + code,"Checkpoint sample, not new simulation. Output rounded to 0.001 m. Capacity is ceiling, not observed use; jobs per Business not whole Building.","artifacts/visual-study/roof-proportions/daylight-near.tsv: draw_index 45, building_id 46"
G046,R01,tenancy_capacity,3,tenancies,documented,Deterministic reconstruction from recorded geometry + code,"Checkpoint sample, not new simulation. Output rounded to 0.001 m. Capacity is ceiling, not observed use; jobs per Business not whole Building.","artifacts/visual-study/roof-proportions/daylight-near.tsv: draw_index 45, building_id 46"
G046,R01,jobs_per_premised_business,8,jobs per Business,documented,Deterministic reconstruction from recorded geometry + code,"Checkpoint sample, not new simulation. Output rounded to 0.001 m. Capacity is ceiling, not observed use; jobs per Business not whole Building.","artifacts/visual-study/roof-proportions/daylight-near.tsv: draw_index 45, building_id 46"
G046,R01,roof_rise_m,2.837,m,documented,Recorded draw transform; unit wall/roof mesh,"Checkpoint sample, not new simulation. Output rounded to 0.001 m. Capacity is ceiling, not observed use; jobs per Business not whole Building.","artifacts/visual-study/roof-proportions/daylight-near.tsv: draw_index 45, building_id 46"
G046,R01,roof_pitch_degrees,28.732,degrees,documented,Deterministic reconstruction from recorded geometry + code,"Checkpoint sample, not new simulation. Output rounded to 0.001 m. Capacity is ceiling, not observed use; jobs per Business not whole Building.","artifacts/visual-study/roof-proportions/daylight-near.tsv: draw_index 45, building_id 46"
G047,R01,east_west_m,60.0,m,documented,Recorded draw transform; unit wall/roof mesh,"Checkpoint sample, not new simulation. Output rounded to 0.001 m. Capacity is ceiling, not observed use; jobs per Business not whole Building.","artifacts/visual-study/roof-proportions/daylight-near.tsv: draw_index 46, building_id 47"
G047,R01,south_north_m,24.0,m,documented,Recorded draw transform; unit wall/roof mesh,"Checkpoint sample, not new simulation. Output rounded to 0.001 m. Capacity is ceiling, not observed use; jobs per Business not whole Building.","artifacts/visual-study/roof-proportions/daylight-near.tsv: draw_index 46, building_id 47"
G047,R01,wall_m,10.5,m,documented,Recorded draw transform; unit wall/roof mesh,"Checkpoint sample, not new simulation. Output rounded to 0.001 m. Capacity is ceiling, not observed use; jobs per Business not whole Building.","artifacts/visual-study/roof-proportions/daylight-near.tsv: draw_index 46, building_id 47"
G047,R01,floor_m2,4320,m2,documented,Deterministic reconstruction from recorded geometry + code,"Checkpoint sample, not new simulation. Output rounded to 0.001 m. Capacity is ceiling, not observed use; jobs per Business not whole Building.","artifacts/visual-study/roof-proportions/daylight-near.tsv: draw_index 46, building_id 47"
G047,R01,tenancy_capacity,10,tenancies,documented,Deterministic reconstruction from recorded geometry + code,"Checkpoint sample, not new simulation. Output rounded to 0.001 m. Capacity is ceiling, not observed use; jobs per Business not whole Building.","artifacts/visual-study/roof-proportions/daylight-near.tsv: draw_index 46, building_id 47"
G047,R01,jobs_per_premised_business,9,jobs per Business,documented,Deterministic reconstruction from recorded geometry + code,"Checkpoint sample, not new simulation. Output rounded to 0.001 m. Capacity is ceiling, not observed use; jobs per Business not whole Building.","artifacts/visual-study/roof-proportions/daylight-near.tsv: draw_index 46, building_id 47"
G047,R01,roof_rise_m,3.922,m,documented,Recorded draw transform; unit wall/roof mesh,"Checkpoint sample, not new simulation. Output rounded to 0.001 m. Capacity is ceiling, not observed use; jobs per Business not whole Building.","artifacts/visual-study/roof-proportions/daylight-near.tsv: draw_index 46, building_id 47"
G047,R01,roof_pitch_degrees,32.421,degrees,documented,Deterministic reconstruction from recorded geometry + code,"Checkpoint sample, not new simulation. Output rounded to 0.001 m. Capacity is ceiling, not observed use; jobs per Business not whole Building.","artifacts/visual-study/roof-proportions/daylight-near.tsv: draw_index 46, building_id 47"
G048,R01,east_west_m,48.0,m,documented,Recorded draw transform; unit wall/roof mesh,"Checkpoint sample, not new simulation. Output rounded to 0.001 m. Capacity is ceiling, not observed use; jobs per Business not whole Building.","artifacts/visual-study/roof-proportions/daylight-near.tsv: draw_index 47, building_id 48"
G048,R01,south_north_m,28.0,m,documented,Recorded draw transform; unit wall/roof mesh,"Checkpoint sample, not new simulation. Output rounded to 0.001 m. Capacity is ceiling, not observed use; jobs per Business not whole Building.","artifacts/visual-study/roof-proportions/daylight-near.tsv: draw_index 47, building_id 48"
G048,R01,wall_m,10.5,m,documented,Recorded draw transform; unit wall/roof mesh,"Checkpoint sample, not new simulation. Output rounded to 0.001 m. Capacity is ceiling, not observed use; jobs per Business not whole Building.","artifacts/visual-study/roof-proportions/daylight-near.tsv: draw_index 47, building_id 48"
G048,R01,floor_m2,4032,m2,documented,Deterministic reconstruction from recorded geometry + code,"Checkpoint sample, not new simulation. Output rounded to 0.001 m. Capacity is ceiling, not observed use; jobs per Business not whole Building.","artifacts/visual-study/roof-proportions/daylight-near.tsv: draw_index 47, building_id 48"
G048,R01,tenancy_capacity,10,tenancies,documented,Deterministic reconstruction from recorded geometry + code,"Checkpoint sample, not new simulation. Output rounded to 0.001 m. Capacity is ceiling, not observed use; jobs per Business not whole Building.","artifacts/visual-study/roof-proportions/daylight-near.tsv: draw_index 47, building_id 48"
G048,R01,jobs_per_premised_business,8,jobs per Business,documented,Deterministic reconstruction from recorded geometry + code,"Checkpoint sample, not new simulation. Output rounded to 0.001 m. Capacity is ceiling, not observed use; jobs per Business not whole Building.","artifacts/visual-study/roof-proportions/daylight-near.tsv: draw_index 47, building_id 48"
G048,R01,roof_rise_m,3.676,m,documented,Recorded draw transform; unit wall/roof mesh,"Checkpoint sample, not new simulation. Output rounded to 0.001 m. Capacity is ceiling, not observed use; jobs per Business not whole Building.","artifacts/visual-study/roof-proportions/daylight-near.tsv: draw_index 47, building_id 48"
G048,R01,roof_pitch_degrees,27.128,degrees,documented,Deterministic reconstruction from recorded geometry + code,"Checkpoint sample, not new simulation. Output rounded to 0.001 m. Capacity is ceiling, not observed use; jobs per Business not whole Building.","artifacts/visual-study/roof-proportions/daylight-near.tsv: draw_index 47, building_id 48"
G049,R01,east_west_m,20.0,m,documented,Recorded draw transform; unit wall/roof mesh,"Checkpoint sample, not new simulation. Output rounded to 0.001 m. Capacity is ceiling, not observed use; jobs per Business not whole Building.","artifacts/visual-study/roof-proportions/daylight-near.tsv: draw_index 48, building_id 49"
G049,R01,south_north_m,24.0,m,documented,Recorded draw transform; unit wall/roof mesh,"Checkpoint sample, not new simulation. Output rounded to 0.001 m. Capacity is ceiling, not observed use; jobs per Business not whole Building.","artifacts/visual-study/roof-proportions/daylight-near.tsv: draw_index 48, building_id 49"
G049,R01,wall_m,7.0,m,documented,Recorded draw transform; unit wall/roof mesh,"Checkpoint sample, not new simulation. Output rounded to 0.001 m. Capacity is ceiling, not observed use; jobs per Business not whole Building.","artifacts/visual-study/roof-proportions/daylight-near.tsv: draw_index 48, building_id 49"
G049,R01,floor_m2,960,m2,documented,Deterministic reconstruction from recorded geometry + code,"Checkpoint sample, not new simulation. Output rounded to 0.001 m. Capacity is ceiling, not observed use; jobs per Business not whole Building.","artifacts/visual-study/roof-proportions/daylight-near.tsv: draw_index 48, building_id 49"
G049,R01,tenancy_capacity,2,tenancies,documented,Deterministic reconstruction from recorded geometry + code,"Checkpoint sample, not new simulation. Output rounded to 0.001 m. Capacity is ceiling, not observed use; jobs per Business not whole Building.","artifacts/visual-study/roof-proportions/daylight-near.tsv: draw_index 48, building_id 49"
G049,R01,jobs_per_premised_business,10,jobs per Business,documented,Deterministic reconstruction from recorded geometry + code,"Checkpoint sample, not new simulation. Output rounded to 0.001 m. Capacity is ceiling, not observed use; jobs per Business not whole Building.","artifacts/visual-study/roof-proportions/daylight-near.tsv: draw_index 48, building_id 49"
G049,R01,roof_rise_m,3.092,m,documented,Recorded draw transform; unit wall/roof mesh,"Checkpoint sample, not new simulation. Output rounded to 0.001 m. Capacity is ceiling, not observed use; jobs per Business not whole Building.","artifacts/visual-study/roof-proportions/daylight-near.tsv: draw_index 48, building_id 49"
G049,R01,roof_pitch_degrees,30.858,degrees,documented,Deterministic reconstruction from recorded geometry + code,"Checkpoint sample, not new simulation. Output rounded to 0.001 m. Capacity is ceiling, not observed use; jobs per Business not whole Building.","artifacts/visual-study/roof-proportions/daylight-near.tsv: draw_index 48, building_id 49"
G050,R01,east_west_m,28.0,m,documented,Recorded draw transform; unit wall/roof mesh,"Checkpoint sample, not new simulation. Output rounded to 0.001 m. Capacity is ceiling, not observed use; jobs per Business not whole Building.","artifacts/visual-study/roof-proportions/daylight-near.tsv: draw_index 49, building_id 50"
G050,R01,south_north_m,16.0,m,documented,Recorded draw transform; unit wall/roof mesh,"Checkpoint sample, not new simulation. Output rounded to 0.001 m. Capacity is ceiling, not observed use; jobs per Business not whole Building.","artifacts/visual-study/roof-proportions/daylight-near.tsv: draw_index 49, building_id 50"
G050,R01,wall_m,10.5,m,documented,Recorded draw transform; unit wall/roof mesh,"Checkpoint sample, not new simulation. Output rounded to 0.001 m. Capacity is ceiling, not observed use; jobs per Business not whole Building.","artifacts/visual-study/roof-proportions/daylight-near.tsv: draw_index 49, building_id 50"
G050,R01,floor_m2,1344,m2,documented,Deterministic reconstruction from recorded geometry + code,"Checkpoint sample, not new simulation. Output rounded to 0.001 m. Capacity is ceiling, not observed use; jobs per Business not whole Building.","artifacts/visual-study/roof-proportions/daylight-near.tsv: draw_index 49, building_id 50"
G050,R01,tenancy_capacity,3,tenancies,documented,Deterministic reconstruction from recorded geometry + code,"Checkpoint sample, not new simulation. Output rounded to 0.001 m. Capacity is ceiling, not observed use; jobs per Business not whole Building.","artifacts/visual-study/roof-proportions/daylight-near.tsv: draw_index 49, building_id 50"
G050,R01,jobs_per_premised_business,9,jobs per Business,documented,Deterministic reconstruction from recorded geometry + code,"Checkpoint sample, not new simulation. Output rounded to 0.001 m. Capacity is ceiling, not observed use; jobs per Business not whole Building.","artifacts/visual-study/roof-proportions/daylight-near.tsv: draw_index 49, building_id 50"
G050,R01,roof_rise_m,4.013,m,documented,Recorded draw transform; unit wall/roof mesh,"Checkpoint sample, not new simulation. Output rounded to 0.001 m. Capacity is ceiling, not observed use; jobs per Business not whole Building.","artifacts/visual-study/roof-proportions/daylight-near.tsv: draw_index 49, building_id 50"
G050,R01,roof_pitch_degrees,25.669,degrees,documented,Deterministic reconstruction from recorded geometry + code,"Checkpoint sample, not new simulation. Output rounded to 0.001 m. Capacity is ceiling, not observed use; jobs per Business not whole Building.","artifacts/visual-study/roof-proportions/daylight-near.tsv: draw_index 49, building_id 50"
G051,R01,east_west_m,52.0,m,documented,Recorded draw transform; unit wall/roof mesh,"Checkpoint sample, not new simulation. Output rounded to 0.001 m. Capacity is ceiling, not observed use; jobs per Business not whole Building.","artifacts/visual-study/roof-proportions/daylight-near.tsv: draw_index 50, building_id 51"
G051,R01,south_north_m,20.0,m,documented,Recorded draw transform; unit wall/roof mesh,"Checkpoint sample, not new simulation. Output rounded to 0.001 m. Capacity is ceiling, not observed use; jobs per Business not whole Building.","artifacts/visual-study/roof-proportions/daylight-near.tsv: draw_index 50, building_id 51"
G051,R01,wall_m,10.5,m,documented,Recorded draw transform; unit wall/roof mesh,"Checkpoint sample, not new simulation. Output rounded to 0.001 m. Capacity is ceiling, not observed use; jobs per Business not whole Building.","artifacts/visual-study/roof-proportions/daylight-near.tsv: draw_index 50, building_id 51"
G051,R01,floor_m2,3120,m2,documented,Deterministic reconstruction from recorded geometry + code,"Checkpoint sample, not new simulation. Output rounded to 0.001 m. Capacity is ceiling, not observed use; jobs per Business not whole Building.","artifacts/visual-study/roof-proportions/daylight-near.tsv: draw_index 50, building_id 51"
G051,R01,tenancy_capacity,7,tenancies,documented,Deterministic reconstruction from recorded geometry + code,"Checkpoint sample, not new simulation. Output rounded to 0.001 m. Capacity is ceiling, not observed use; jobs per Business not whole Building.","artifacts/visual-study/roof-proportions/daylight-near.tsv: draw_index 50, building_id 51"
G051,R01,jobs_per_premised_business,9,jobs per Business,documented,Deterministic reconstruction from recorded geometry + code,"Checkpoint sample, not new simulation. Output rounded to 0.001 m. Capacity is ceiling, not observed use; jobs per Business not whole Building.","artifacts/visual-study/roof-proportions/daylight-near.tsv: draw_index 50, building_id 51"
G051,R01,roof_rise_m,3.347,m,documented,Recorded draw transform; unit wall/roof mesh,"Checkpoint sample, not new simulation. Output rounded to 0.001 m. Capacity is ceiling, not observed use; jobs per Business not whole Building.","artifacts/visual-study/roof-proportions/daylight-near.tsv: draw_index 50, building_id 51"
G051,R01,roof_pitch_degrees,32.893,degrees,documented,Deterministic reconstruction from recorded geometry + code,"Checkpoint sample, not new simulation. Output rounded to 0.001 m. Capacity is ceiling, not observed use; jobs per Business not whole Building.","artifacts/visual-study/roof-proportions/daylight-near.tsv: draw_index 50, building_id 51"
G052,R01,east_west_m,24.0,m,documented,Recorded draw transform; unit wall/roof mesh,"Checkpoint sample, not new simulation. Output rounded to 0.001 m. Capacity is ceiling, not observed use; jobs per Business not whole Building.","artifacts/visual-study/roof-proportions/daylight-near.tsv: draw_index 51, building_id 52"
G052,R01,south_north_m,24.0,m,documented,Recorded draw transform; unit wall/roof mesh,"Checkpoint sample, not new simulation. Output rounded to 0.001 m. Capacity is ceiling, not observed use; jobs per Business not whole Building.","artifacts/visual-study/roof-proportions/daylight-near.tsv: draw_index 51, building_id 52"
G052,R01,wall_m,10.5,m,documented,Recorded draw transform; unit wall/roof mesh,"Checkpoint sample, not new simulation. Output rounded to 0.001 m. Capacity is ceiling, not observed use; jobs per Business not whole Building.","artifacts/visual-study/roof-proportions/daylight-near.tsv: draw_index 51, building_id 52"
G052,R01,floor_m2,1728,m2,documented,Deterministic reconstruction from recorded geometry + code,"Checkpoint sample, not new simulation. Output rounded to 0.001 m. Capacity is ceiling, not observed use; jobs per Business not whole Building.","artifacts/visual-study/roof-proportions/daylight-near.tsv: draw_index 51, building_id 52"
G052,R01,tenancy_capacity,4,tenancies,documented,Deterministic reconstruction from recorded geometry + code,"Checkpoint sample, not new simulation. Output rounded to 0.001 m. Capacity is ceiling, not observed use; jobs per Business not whole Building.","artifacts/visual-study/roof-proportions/daylight-near.tsv: draw_index 51, building_id 52"
G052,R01,jobs_per_premised_business,9,jobs per Business,documented,Deterministic reconstruction from recorded geometry + code,"Checkpoint sample, not new simulation. Output rounded to 0.001 m. Capacity is ceiling, not observed use; jobs per Business not whole Building.","artifacts/visual-study/roof-proportions/daylight-near.tsv: draw_index 51, building_id 52"
G052,R01,roof_rise_m,3.367,m,documented,Recorded draw transform; unit wall/roof mesh,"Checkpoint sample, not new simulation. Output rounded to 0.001 m. Capacity is ceiling, not observed use; jobs per Business not whole Building.","artifacts/visual-study/roof-proportions/daylight-near.tsv: draw_index 51, building_id 52"
G052,R01,roof_pitch_degrees,28.602,degrees,documented,Deterministic reconstruction from recorded geometry + code,"Checkpoint sample, not new simulation. Output rounded to 0.001 m. Capacity is ceiling, not observed use; jobs per Business not whole Building.","artifacts/visual-study/roof-proportions/daylight-near.tsv: draw_index 51, building_id 52"
